pH,Temperature_C,Dissolved_O2,Turbidity_NTU,Conductivity,Total_Solids,Nitrates,Phosphates,Ammonia,COD,BOD
7.69802849180674,30.22227712689199,6.670786406011287,11.105103923312008,535.7531748763942,464.7902770160936,5.07332381631649,2.3419102997987515,0.23162074726462062,107.36785945713704,78.46552129379857
7.31704141929729,23.677798723021816,9.474777554466733,0.9612455863193411,204.00704657070264,394.54067211661607,3.529833218564081,0.3684304096046704,1.0126425437020543,103.80126971581399,52.37341449024669
7.788613122860416,26.432543496234427,5.837264477575836,0.943112093862613,589.0888877947077,418.1775503543328,2.7119865174906583,1.6953300548269217,0.82150120786953,136.2132371933002,85.8901452190187
8.313817913844815,23.91976120082731,5.561454388029544,36.29531588918916,409.6494313582714,278.33544391772676,0.8543364189911019,2.4384433471672846,1.6855340913986676,127.66049340865425,79.76721036721266
7.259507975165999,24.04476697655458,6.1310616600723415,4.2337453766203135,501.05879198882764,306.50533528288014,2.4940088540639485,1.237883229350713,3.9481967412293812,69.42975247229609,51.58975257165153
7.259517825830492,24.608725444391123,5.2840085051343175,1.1590161158496812,593.6696308374273,191.01633669277592,1.128489356592349,2.0257145694417233,0.1631539065376037,114.60895123526893,58.67517038546859
8.347527689304435,26.99960197235171,7.220806568790632,10.966860573105889,285.3991563323441,272.7803833639877,9.852994736512802,1.6264442871064988,0.15068626508930788,61.47139850716585,35.6134387978869
7.860460837491746,23.84563120251435,9.92442122524521,11.726789655607007,364.8670797086944,364.4289362878836,1.6343207005599836,0.6589900359691236,3.7984805710388136,110.8779630282255,52.318383127782106
7.1183153684390295,31.650902565080845,7.581542691608853,12.546711369877581,415.37415649491544,436.6456755603257,12.168279012861936,2.482112237605362,0.4786731216502829,74.50157403719676,55.51532149650665
7.7255360261515795,21.97426714001223,6.545763696172682,3.7338983600347913,355.9495774650686,220.35588648777934,3.04617769011791,0.5237009655651451,2.209783452968246,59.30240329873247,37.880938664963196
7.121949384312523,25.159077601273886,6.474739715952021,0.5,658.192389100417,287.10446567132607,3.9937400208210256,1.270192192549011,1.565610509685997,98.40136028092213,53.0144238952204
7.1205621478578465,24.021210237766212,4.186256544346017,40.23415729449556,347.18734874078484,306.383070179073,3.1317663126981645,2.0520790692857585,3.578249026198844,10.0,36.42810056474902
7.54517736293962,32.5114004795918,8.589597598864886,3.46648211423119,383.334386461576,194.37897180267635,0.5542015444705519,0.7145298013159979,0.2672660180577972,37.47073276784316,15.694753128533913
6.252031853205322,26.884496494302084,6.859893045376956,13.525114829353932,474.52668379235723,373.221431758256,1.8852737745927761,0.5409547586108778,0.2780252675159898,84.6752434867715,44.12603665621573
6.36504930049218,30.643300427608857,6.675136155536874,14.715842693400914,305.7420568708693,254.84087014316518,0.4176488052562817,0.9224636698978936,1.6275511420557984,92.47325299904527,50.39267049037051
7.062627482455417,19.314978321333626,12.74759362212075,11.299530698301837,402.51831458924835,302.41486839406787,3.901552800981404,2.5553220472796467,5.8516160638995895,78.92043689525434,44.99737601851038
6.792301327799346,27.201726196411666,7.537755235058235,4.503434381809071,488.094391350021,279.324556527931,2.3686792328645816,3.9872144875687727,1.072279199825515,42.61691103847204,30.588858233440003
7.5885483995571645,30.003338580305467,5.646776109828668,3.7945630923907916,410.05675147409863,248.9595344852293,6.02004081509877,1.1814618027060808,0.7918478414539465,65.46324473584484,35.00013889858945
6.8551855546872735,26.37027795173941,6.232556326830022,10.925740358644306,438.7935769320062,319.3659513067501,0.9962588882145058,1.6246970325762256,1.86631090640023,101.73627981712181,57.33769166695864
6.552617779198825,30.794661687794083,9.06720227655416,24.127553009927883,386.4801465061955,300.595137928878,0.7192159944793338,3.5038037015875494,5.331378478496701,107.45345311885087,80.54979424095842
8.279389261352932,23.672201974548326,7.203886738967976,35.18942353131076,268.26356289830795,286.53279059492013,2.085741709917071,0.15562081229588548,3.627124865745492,89.51330647212177,50.01892799146648
7.264534219708079,32.34206348083511,4.411099639028739,1.3433297418891257,488.5911853607086,254.43845404876913,10.446528897891982,0.39610179899834513,10.800084878319376,124.70501343110966,103.86360664089275
7.440516922812755,36.345041556286624,8.654612082235367,2.0185901623571643,660.5919685976689,348.757220370466,4.957319797557642,1.8511326745594214,0.05,101.92191070377703,51.20301544822426
6.545151088271926,24.367226478021536,5.797340646029811,34.74765911638703,452.2081956940126,468.8255541643057,2.171492304096948,2.6037306240138394,0.23950076483282945,67.57633038125363,58.606118979052845
7.073370365284891,23.995238653696525,10.371935997191581,16.00602736570467,477.03169406970596,332.58985095552146,2.913209130442467,2.9176704969709424,1.8804895218229811,81.58493839765148,51.854299207328275
7.46655355382592,32.54023014702965,8.944086518286367,25.746342796133362,533.1267306140231,409.6506393420016,0.3518859452157642,0.8044899852510017,3.4360120152458706,47.91401528376436,41.26014882688821
6.709403853546618,33.10807465578821,6.194820587814248,2.7172772465999047,297.68034041439614,194.88002673618837,16.687295291131406,0.14037834050524065,0.6716290643713478,86.7558302882575,52.59822224048636
7.625418811007403,23.647129877810293,9.305829451123204,10.628727207176507,654.3017589755527,334.19852953643925,4.391338021219126,0.8637970113535263,0.5467986840692606,123.36301857664016,56.37479737992694
7.039616786048717,24.109159323068642,7.122139918949326,14.493344226852976,474.2794555707362,221.236851292604,1.34415210701102,0.3934788491259059,3.092699003596211,110.55870254132904,54.322633391379334
7.224983750124034,24.731969260127716,8.534992615219995,13.677407836190131,645.8228278906931,187.07675652212887,3.525706385271454,0.5162653174322624,0.11606740174359165,132.06027977757367,63.46192459492991
7.0389760326623625,19.949972700345754,7.872519071130054,6.294058938047321,362.03604053712127,253.45657332868672,0.46380949667094146,2.219375751019985,0.9221120298740585,80.91344268603021,37.947743443323795
8.511366910705362,21.86606624082111,5.4765580210164275,0.5,668.167430706939,427.27094009722157,13.506409589895494,0.11779728991660854,1.4096672945233455,130.38299383542773,79.3837414824947
7.39190166515724,21.481366549615693,5.8416103018285686,10.493901013088054,543.018659284174,405.5014245802681,0.7684452234228331,2.6367434690387395,1.6435466158460248,84.2008732065609,61.69810291436542
6.76537344262646,22.544910957031423,8.85392947164609,3.5019123885421743,516.364810302283,341.870424984896,4.176840951728761,0.8370569003922714,2.6084347596698922,134.1475524770968,68.23366455173586
7.893526947261914,25.843918006759484,6.397404402208227,7.1795924801724045,478.08293452237774,182.05694960990624,1.1265585924306394,1.3597479882623968,0.8765316046155375,89.3442975767363,47.35586784893482
6.667493810017387,27.053966296414345,6.273432766164406,37.92191111400652,420.17656583106606,302.3347413750857,5.057176142867192,0.1408928834997415,1.8970305431516559,111.2169412141283,69.57352133184281
7.525318157002854,32.97725221766335,5.2807793571711645,6.110629331636546,594.0637990168648,347.1530008011562,5.999131137683148,0.6172830477422866,1.7607636028204803,134.25337092929567,85.35551192486618
6.224197925672135,21.50740681667544,7.76247831806823,21.976107282173302,466.84318438176564,335.7982606620738,4.476318028900522,0.14097310956750156,1.5864482495875951,84.19717114256383,46.529283673554914
6.6030883706609425,30.429450793144625,10.712544854637661,2.5070511740555586,213.95163556954174,154.05857748673287,3.8128507434540038,4.887350013431412,2.0459892608348653,96.55166962632522,47.306409576280466
7.5181167415214745,25.03705020098521,5.078440754342308,13.393759373555671,315.9376245951597,239.87139367821152,8.919907898453053,2.469632558783087,0.6007220125269065,128.66590275618907,72.64772845381538
7.843079947997246,25.777413306564053,7.043595022010964,45.27076170822797,427.69850973687034,314.2330012266155,0.32756006588193115,0.9232594290771414,0.17689482300862205,86.00990508209809,46.91835998559655
7.502820968713983,29.036687714749718,9.541996999747774,1.2895941170475316,487.1998779798666,368.26618185654706,1.6073752862340764,0.37963606488458046,0.2540121368202066,50.37323152481517,21.673715953951916
7.330611030567056,20.947750902969656,6.8566454957577125,0.5,443.2093813320125,122.34849610100483,1.1416052594625947,4.0648176751187,0.5087070673411042,154.2902116375473,72.95793534351864
7.219337782646427,27.72084385782823,7.814269233249521,6.821092281900826,596.2764947752396,305.4088422068127,17.696051248175568,0.6337565228093041,1.3870862599662876,75.9070660698859,42.00078738198207
6.512886805779544,26.749034936958754,5.087691649335617,1.1663999488633199,215.867776315365,332.8743892891057,1.9731858425630238,0.26328902533702236,3.670704980823026,94.76268152812628,65.15484056636576
6.968093474963175,28.21603068803667,7.770952774973767,16.558230634749133,467.2305523806192,396.46507896645915,5.2762284279671485,1.2422974944149021,2.4165865287627586,124.6802000835338,82.49156166716931
7.123616737424128,27.301258897585182,6.663140322991812,29.517698794755788,231.84249295354144,382.35718258136933,4.617242099774779,4.317567203986966,3.112179202001936,71.74518288806394,66.3771461328549
8.03427333573135,37.04885062959902,8.774313992223753,6.830379068654853,541.1654754581002,372.4314186927925,0.9534411507365401,0.01,0.8645700070949407,59.7639626033361,32.02620933785531
7.606170973741078,23.130170070869077,9.137294892816552,3.592386989943831,438.6649542669597,248.0053543968259,1.0924754911314083,0.4079588595141885,1.037224191785453,97.61211890324499,42.375111890177465
6.34217590678236,23.610513702491822,11.661214555633505,6.838488390400146,500.3531966428942,148.2798076589023,1.321159105793899,4.1818006364154545,1.000700980072791,36.20770806262831,17.090596321795353
7.594450381636877,23.19586763108856,8.043339711784437,15.424269023472714,346.3340447292281,284.6252518644739,2.118180843212016,0.2814582430347302,0.4260725655639493,81.3628176939624,40.459091543190475
7.16895063175021,23.500352963778855,7.586433369847899,0.5,603.5357917989302,410.1468642687704,1.067990268003917,0.18027720102164485,0.12634111848809473,97.35115992946217,48.83512919756197
6.993846799816425,23.13175792712067,7.349891742839205,10.683207267473737,575.0069596870621,445.41090747719886,0.1,1.266608326024937,1.7876699839369223,81.90144309524507,50.29310713555652
7.767005773304521,31.350574389983983,6.364300672940761,11.40101493422575,520.0253163614266,383.9494192068007,8.460873697066484,2.969055777715554,9.059510200782091,43.69647170442759,64.56462102937942
8.01859971349757,32.39226911595435,7.609270918231044,12.183002896238015,434.4579303763871,358.6406740521561,13.479938205624656,0.9725757201533726,0.3650344437508673,137.82533868612035,74.4341773003909
7.958768071469719,23.431641678127356,6.468277461749747,3.3252122763168193,519.5828742354158,354.1675683547369,1.671590613844676,7.822138504775285,0.0956194117400638,93.10614461847526,67.72078772331542
6.896469486066417,22.25439992103097,7.3032297572853055,15.023373991588038,365.17289184151815,269.94931279152974,1.6530227808694755,1.7052737827245203,3.024002552319278,132.93456353285222,72.9795480795888
7.214472574489272,28.121370003738818,9.371675564094328,1.150091467270032,552.6666790824854,308.2945735801742,0.1,0.11544291138572504,0.5822720788942033,82.19891249458666,34.77220453514182
7.598758058842138,23.51499630073563,5.188223382496646,2.666782651072781,647.9377073188705,470.2162573243698,4.560871964958916,7.407220461434324,3.539727542606882,63.59964054927708,74.96364789840302
7.985327076273416,28.8481931798998,9.051781410032282,25.19279714136625,578.4732671975023,235.16977947873113,6.981944638695369,0.7861050089510343,2.4343637696472067,98.0754276076548,55.44340822939687
7.112495457292827,26.91315359383085,9.370807121211758,16.106096503743952,362.44770362311084,465.33009116388666,0.6341465380002196,0.5082578723880427,5.825487647253242,83.52638621015342,65.46228042623642
7.28860461400171,19.179151482512456,6.787476651416059,0.5,493.37007807277234,291.0174660957147,0.6958250514988625,1.2242581409003588,1.05163229721533,54.66715626025926,30.171240174129334
6.736199015596384,32.96377340598528,3.18066118178453,3.4262331178041694,294.82301474896224,439.2888898185571,6.244177021194447,0.5442714879065125,2.1692403101710362,134.09352776362488,84.42166366998379
6.682276025551598,34.08144952892985,5.905920423230022,2.895789291101672,518.6868373410811,193.38664914522155,3.831480681419701,0.1356380815251496,1.2504342623729647,71.33189331318012,38.10535296282912
7.887515493436519,23.242450892820262,9.334590183809997,3.7897909712313336,504.07240954350465,372.7313781048184,0.18359174481996268,0.01,1.9916892285057688,34.79200845613295,17.422731524590482
8.213744017142494,24.25534298028807,6.958837487862012,3.4132045734854692,225.6220392561403,253.69068776471403,3.8972367843474873,0.8956196210990275,1.1942160094673746,129.84498161872,55.58118264864993
7.3567939270518,27.28639425826207,5.201255981869161,0.7747988438797764,310.5859387305163,192.62595272682313,1.4779855704482305,2.719751292851454,0.4180677414204575,74.8710595256213,48.69647040036275
8.002119738735216,27.505055554941613,6.091405141789209,7.370712664105626,416.02333239074795,339.6680638169851,1.8400557659884529,1.2740531545659326,1.4181361603312204,71.76528322153126,45.013197904332515
7.616981615028581,28.963449227027738,8.513116047708195,15.834106760391247,413.8968303431009,410.8524609736372,5.874035619237183,10.0,1.5040295498162755,37.03837238910078,56.263518913646934
7.012928147236925,35.045920424448575,7.984120422762483,11.199159188339008,304.8627677497434,243.9552705265853,6.6626617071429965,0.5070881976767506,3.32782883320009,142.22824459790974,83.65903444980658
7.616837363305049,25.20373747627678,6.56992222149455,13.408832811637764,496.67744752226207,185.08856355874389,2.0456807141801767,0.4937044517684027,2.659984627043006,51.315582383709376,28.211409619413267
8.322821939879582,22.407662399576957,6.339716058733562,1.0155779619383396,480.1768330728614,311.733971209854,11.761412487129832,0.26108275498451583,2.180048288803956,91.7534844211695,57.191660488594614
7.378504376534029,19.793063473934627,6.294835331721121,36.31199947960817,426.6877041625777,312.13082041005373,2.086620998553592,0.2688040969630185,0.24069360358934191,117.37860967621322,59.53865070568071
8.338786193488405,22.710814820261366,5.339661667902695,21.87839487789947,359.30501998099646,369.3487664799049,5.910763059040211,0.5036006156823749,2.550338279484294,102.65150799009291,64.75700487172317
6.0,25.85092862206791,9.907676241044996,19.622627993858373,575.8448551699876,405.46351142280395,2.6456427296521547,2.3613960839553583,1.3875153591711755,88.21037064023425,50.01949199707819
7.893141502625134,34.07551038583004,6.419823155419588,20.77816864385677,648.6488535705954,314.6526336854755,9.112831643399543,3.542814756664148,4.49051129178969,38.95002425137751,58.18451527486597
7.452228240942903,23.67074915433723,9.190885337485893,32.38501431835661,391.97262193841556,486.9952983314837,9.533499543506089,5.53855850315254,5.048233241896302,65.70825492698148,69.75806377075594
7.22059558972048,27.007045782375044,9.738368893460413,9.429834814200422,376.53996994142153,340.18112700817625,0.3659041128993053,0.39651415611938856,0.11347213911877813,95.63401014127567,42.923294620569045
7.4550564659213014,25.926096967672617,8.796959616666328,2.6819536295921647,508.94491984943954,288.821614459379,11.026441439443879,3.1967029505417637,3.436738038527837,66.3847779003901,43.185733080896725
6.207458651239465,31.347769730516376,6.223083437107513,11.50986548157094,407.03647443036164,174.9589376807455,6.984120888595128,0.5968149114946704,0.07685262962158387,96.10078379996303,54.59075067499552
7.268196867297493,37.3711959164313,7.726714162605897,16.298618234818026,433.2723359204119,296.3606431715449,6.267635218248612,0.1795958151009065,0.9151057276616221,110.45230226445426,62.58912771525755
7.614267542907048,23.611090521858557,6.956447908496351,16.069146388480807,538.7583782069605,289.7251749129977,0.8971335010948113,3.060618872520781,1.5630825561171362,118.87508657400305,67.73612384181625
8.28673642684491,23.797522508668,5.373336650685769,8.843910494360582,220.87726949912485,406.42743166533234,6.541468937207592,1.5163374877918816,0.3205741347991925,53.2146192656195,38.563676197111214
7.089037869035812,30.698723946810823,7.5838467070988855,0.8509772830444449,608.1962789823203,361.62352616601686,7.592021098157594,0.2700019888648958,2.743314516713594,155.89938164936862,87.43146462382641
6.914903838264088,29.0685117033184,4.877728375912355,5.565643089075533,458.72166291952095,213.85677905306446,1.3651772495978074,0.8427343837705508,0.05,113.02438033662392,66.34959924413724
7.0989457738492785,34.31018296581215,9.137822899230814,30.424289504439194,400.6208226525384,335.5028947769934,12.167949198049369,0.5079530209305191,0.36928621525955835,89.94857538992808,44.23907347988849
7.949241270621245,28.627676833966838,6.163688864862893,10.53779653647698,439.2919014934261,380.4378054556148,0.20458436362338192,2.0022306662164957,1.7387991672629306,122.68609749229921,74.71973396077247
7.597250665795811,24.383185591458233,7.3620873805711105,9.274909656418636,445.4915226024622,457.52282234490497,0.6496486972423786,0.9061015495748643,2.506238998350803,160.9622331599992,84.54364358625948
7.082143877739777,28.657946738115392,7.509918168783056,3.757697383030366,242.25584358660896,399.8753570672653,3.0851366841793255,6.80345850401932,4.969247844172475,46.838396968293914,61.05483688803505
7.707960459868014,30.989166112623085,6.533971047332661,5.514917442637766,629.3925872943882,388.47619888803297,3.430129954375779,0.0844507917769645,2.4449298146241505,83.2421207252594,51.37516427151872
7.458246529608824,29.692169815388137,8.056048842655494,27.08515752070807,454.9590758724742,325.4077395153647,4.144241395043179,0.6577929463421335,2.2281378807833336,18.64705020380015,19.376302452052162
7.981186994319734,28.282733139982838,6.145173418079456,13.176019412952783,503.160255653685,354.94808048811046,0.1,0.9863809915579699,1.0028767984015738,95.77954597944074,53.39652974788592
6.978768143673589,30.800036103151193,8.56833513542304,18.579381516899524,564.1859724688851,432.4554410635543,12.912349951249935,1.04915101623794,0.05,100.96182725775422,56.04630064912471
7.203402712041339,31.261830157005527,4.577236575555853,7.269229757055582,327.460505092764,200.05003422683154,0.18245085993153826,0.5695553082592099,0.25602872744784316,88.82513653671722,49.92900914370943
7.164735108120706,32.219715459668876,7.227483243183541,11.939047888260262,506.8166278842274,288.550460550474,0.6175586128923811,1.959785069004189,1.52952072737393,70.36399287005071,36.293038393239996
6.521891031120729,28.91919449415339,10.490072198304912,3.4263504383560583,417.88306909214475,250.46881261193835,0.1,3.1161302608989625,2.2486596505706125,28.51456451435024,21.820656799245377
7.577672166238746,25.247968638574154,5.199403615709965,14.668119367247812,551.6124930259792,354.12378068535116,3.3467626420824392,4.188435544371009,1.0806746289457896,101.20601050235305,68.36679757872938
7.556633163307934,26.660211588949952,5.780059053055267,6.695034735868347,194.73270955782056,430.7199958085709,10.768720237782931,2.4528520357326427,2.6237026901244773,133.66303451745975,85.10189140059111
7.403068073985477,31.429290349287605,7.925034129386047,7.012493038847703,438.1086839710477,266.2723141951034,4.385824452510377,2.851493200377827,1.4757130058001913,72.26944632799703,45.90888352680261
7.259247719974912,22.323789480557437,7.323247207491276,12.574653372638444,377.6615213059246,104.87260692775058,6.91868884073001,1.1995803152570201,0.15414267692102354,103.20179787069435,39.61015611154657
6.550777554769752,27.659029889928057,7.631134178692407,33.03919856531686,501.8715540760987,282.9001329477977,0.1,2.6220867137188772,0.426426666494795,42.95567059739848,30.79859526532303
7.147612806340785,24.229975344526878,7.880536834265794,0.7937589971075889,506.40530248418423,402.2126358815666,3.1236779928799985,0.5425396475068516,3.6651407181692206,103.71639191077541,57.16534328223447
7.1943712900839385,26.12935170320668,8.142498643411185,20.89803798248582,365.08489262135686,368.38669126548916,2.461508663262085,0.7624401539649246,2.5813338932755387,78.19853106766028,50.669421023739375
6.918633638467029,31.753033381732845,8.997459715521202,4.150229377753627,364.5391362988748,358.53676230295184,2.7643407854116138,0.5716996028153578,4.503061407521523,67.12746148191258,43.02200305128942
7.3032285730003945,26.859945806089566,7.737673582471323,7.042105550734757,436.7201557731205,294.8006028312968,0.2998131926544392,0.9449412407311799,0.2501227276081484,67.18909076351608,30.17630144642999
7.642430514088724,26.20896446670267,6.565736221686624,0.5,342.402932722175,204.88723374021924,4.6135669609346035,0.5044255756893309,9.255349983238926,78.19165253900971,66.08625969255553
8.531711540726318,19.880647365590363,8.210632662164917,4.298045502835666,551.0380434542552,366.3764889462021,2.798435367671254,4.889993758752238,0.4699432407532499,101.47299947077606,55.31083549258646
7.504746687699104,29.358141047122494,10.419787482811389,8.381082737611552,405.69513594630644,244.91463709688378,5.79521347675112,0.562792278332898,0.05,50.635103964134466,17.482818127496458
7.554530234433659,28.90467881513484,6.761259256511368,0.69378783417546,101.16141368140302,516.568706004241,2.656611502403717,0.15478520580259036,11.922211394875937,78.08654005296441,77.88769894018571
7.3553324505403,35.73464625487457,5.245847251592846,8.105944242767695,405.02135320538326,371.3456487519064,0.6471668287823639,1.122410136087515,0.6599933758786732,88.75584666002557,57.32591266275099
6.248737270820575,24.614997942711497,8.99274520471655,31.42574941349494,325.3747414987233,267.7416527701444,4.179417412508494,0.08819110372316624,2.2053578073750444,57.02882326404422,40.80852174225215
7.38409167473047,26.986176474487724,6.783313904883523,1.3364520850898949,254.24690214468654,264.9753277350235,0.7568354175929886,0.17571645268117952,0.388826286562516,143.89995605025052,76.62114000710136
7.436138125964616,27.1222265766984,3.089194817174735,17.349512540865614,301.5088034132913,311.63502140477704,8.235249208167641,0.3715182467845688,1.7360896801554673,64.39513559815975,52.34312320499401
8.877945267491173,33.09853975893564,8.525359018870759,6.324904329567901,463.1290166199564,298.44482701804253,3.79852396168522,0.9364121741644853,4.687543192349008,69.91689259099529,49.13941543272112
7.284583421131327,25.571170104258716,6.0364092652829395,12.776574109441476,609.4368993897878,420.51503979769586,0.6841208199402673,0.8517579519077464,0.771857877995389,60.650761505325065,33.30043113730624
7.580928405400168,27.255596865966528,6.8370400918525105,3.6170984509747823,487.5821368637976,336.7774552769642,13.11642070663473,2.411847612139832,2.2188650904226814,143.95440261414353,93.73181054794915
7.379172938176854,28.735534293724427,7.5975645950242265,2.0849894447421993,377.2195934141113,254.15314349823248,2.9222787008605184,2.01758268685829,0.41627242572357687,106.58715685798444,56.29081366678873
6.698793177428281,26.83974105420361,7.3428994236023195,2.098851241538627,504.7085034204843,490.1396616640204,0.302768698037464,0.833520833419105,1.960567596764842,61.90223981269074,42.11993054595883
8.085693688709013,23.99104873452262,8.27701327085027,0.8771976792080602,394.909162773721,324.43774983682005,3.9429159288430378,0.6090323614052839,0.8203032006079857,123.18694676579906,62.313061302032175
7.851159819612064,26.873404968042383,6.216124532974282,2.4643318041322693,366.64795570042264,389.1955708372007,1.167825615019446,0.570724429708481,0.4745058911216644,96.02096082866635,50.17449532595819
7.874619168225829,30.831342874368975,7.923590436716949,13.095567165435984,311.4764798120419,265.25961432997167,6.5123112820982305,2.230797813463473,0.7513720312460566,97.71760263334505,51.66366221321721
6.8543675271231574,21.38068115265023,6.532815980348949,25.61342582709834,239.7805431897937,352.6804064970071,6.811085806776754,0.08021573627188654,0.3940772108962442,79.66568373742642,48.71026209401524
8.24167658656166,26.59836353366094,8.329858865597505,20.19221475193689,403.20915521286656,347.99989920288755,15.442916456548849,0.019356834433309225,4.643864248072732,67.5175203912908,48.91285020621028
6.558889362324631,22.84945633277372,8.107661471223496,13.867309339637485,468.96641879041584,149.93156371134623,2.7875730015009,2.3811066037492425,1.0122961156997006,100.13298297163804,53.48140766199637
7.752114256280162,31.37770983016179,5.316210336319728,1.4042300857275778,438.40515959821323,501.37475994145757,2.4275614707323063,0.9726805975475791,0.5628150770826598,73.64738310013229,46.75312242146363
8.714273375485988,19.145658928473015,8.954767809115058,4.096158257813157,400.083968646317,436.15800148302924,5.601177306760063,0.21041307525016398,1.1898926964075744,144.50266888725315,64.87788070052284
6.805678204921588,23.484851687277853,6.035265798794714,4.449405956591563,336.5104727163863,284.2524215468611,0.5684237687629832,0.4029292540714763,0.7729025448481908,51.92126684270688,25.530965890032245
7.060221362238337,27.697453437790344,8.45450403690606,3.4514960315544227,522.9895430021962,220.79572335897302,3.1667066684833234,4.043529370836423,2.7284337744484155,136.08470318564835,79.76985150268253
7.459790819052585,33.044858131554534,7.661117164122413,8.68341669140792,291.9441696064098,351.2805452423197,3.1608144177969657,2.9438534538862617,7.096143031740013,86.66043453606598,71.09881717265058
7.097914607530281,25.704123825171553,10.30873061823122,9.202914995278128,543.123349661217,327.8027929472957,0.3749274443850821,1.8557001366524748,1.1526266364882531,98.97257202063318,41.66420980106359
6.46960194136032,23.501602129880606,6.597761231730666,5.2971988550070925,329.73395772879303,352.01020537069064,2.165029948538855,0.9873224083198585,3.947043324590407,114.99473299888304,69.89567513049175
7.441137784883617,34.465206812482656,6.371229766987245,5.239553385417985,359.7077715176358,337.2419656574681,7.677047906478092,1.101965435552403,1.668790591860861,71.09252114986691,49.1846708568933
6.762617771764337,19.483937448126902,6.965044709402081,21.16195501172505,273.98577712611876,365.56168903753337,7.7560374730814585,5.548063526597533,0.34213583067013303,115.9274515409591,72.79986416509317
7.68415545838111,16.10537319520963,6.454276390898304,18.68743219522894,389.8317423737236,450.2575129452626,0.41805534085904594,5.061998691332511,2.346387694725757,10.0,27.93284194517965
6.848345459459718,27.980065025239995,8.43989542349569,4.414491911480445,567.0374950173575,371.12928846157814,0.3804126890179207,0.3636215301471181,1.44076749072495,68.40031400334183,45.226333693166744
8.329960643010525,23.74075599041325,4.090640904814142,29.411412582033996,511.87537061327475,225.5310050981053,1.2190171178520475,2.499842516853698,2.1031131026502137,62.278115779768044,43.72205122441898
6.930048024598258,21.40445232291179,5.103371645536562,36.64415512615206,567.4106534433643,442.6306567441207,8.310287164740721,0.3295542152514404,4.4088744786067116,52.39481962884715,56.053721582346306
7.206763090276595,29.18760401284709,5.077954741157452,4.747529637453483,512.6571055120723,467.6553107139458,0.5520058630336385,0.3603153136390913,1.1611896310804546,83.55135485763147,53.231431270434285
7.888110330421802,27.097103211970396,8.710553665552435,5.251365685490238,317.55962057635566,603.6851061060877,5.091817026761576,1.6909484203595486,4.6288624284360465,101.57249904545084,73.44630891368622
6.661481410139627,23.461646161684723,10.079104070647466,8.453753469250321,410.3052930806931,218.8855370084362,0.4266259518829438,0.778793579705759,2.777948010576462,111.07979995497918,53.67110258188205
7.536475960762478,20.238630205980975,6.8119914066325515,33.98721125377624,356.3761045059045,341.85938118352476,3.903503272850124,4.022355034297356,1.3412256966290939,97.22630271601223,69.24595770608596
8.184285652569457,29.92605797726065,6.6961208982579805,25.080637330713444,609.6689884846849,132.61111671299113,1.760644240305092,0.1398346015865982,1.8487573811116402,70.0291960531936,33.080583869380945
6.4355100592632635,28.925905300813973,7.126093893603726,1.2986146297686512,306.38536242884265,369.78342407412885,6.221957880645404,1.074702446609579,0.7878077919879488,101.07049313475501,53.73233421554286
7.510780315119383,25.55370861299278,9.091380944694743,5.985396002808572,557.2437227266932,270.66197316499046,1.0646763082741177,3.7611247062787188,8.22061861526115,93.72857084552552,77.75916356384614
7.555929676549055,34.309866482214495,5.330764358456967,9.672329177618085,557.1544644130523,493.11012153424576,4.077746244711234,3.5168876284211503,2.2013357782379877,118.08168503808048,85.51307484431318
7.869093723066387,21.184618551532314,7.429064168922613,8.393181993408819,669.5544242059304,250.28465269832765,1.0750881818589448,0.2553450167478202,0.08967436525506758,113.3081010879455,54.67537220745223
6.657829573473151,19.135136730838674,8.755355733608374,2.5860199200981295,400.83760888446034,167.97352658294645,5.00230540711068,0.6850690002776998,0.7908966057052004,90.91429241761887,28.963341814593203
6.607726032149435,22.8864136855344,7.901969505891722,23.492360843470237,535.4786591496195,277.58626333677324,8.275685399788113,1.44791188488542,1.9526889626834352,63.08240981516229,43.88785244929129
7.713164939370139,25.79486292640026,7.341246909877738,13.559035658256681,723.7982203846611,142.20610059045762,0.5423708587673695,0.26044990682754077,0.11596444737815971,70.41149532503758,33.622853440087944
7.578190803939912,27.09502752195211,8.801882966620854,21.83512219559329,375.8829987679564,387.5989509056579,8.057483306595348,5.164068739142331,0.05,73.506319210859,51.61639689713362
7.550295710207526,24.914437739646516,2.1341818726013733,23.48790008166514,265.79517029611685,134.14252583693116,3.601425979371886,3.693238933030755,1.1957621471910915,80.54200998251233,58.51144390124211
7.6078689256981855,27.584249284314335,8.220175575155634,16.556871686037013,224.39879593106835,322.5611823064843,0.5437851828781731,0.2739927442822745,0.8090016854010477,98.0415128276926,47.74450247312451
6.991985167052906,20.368072591143,5.822663770370637,6.940918166856926,535.5254434633598,132.9969362129423,2.23126262410007,0.19372088766244128,1.1535698026293217,111.45523170384175,49.17643983966497
7.539352218296602,32.49694071832967,3.7048607856583775,11.316137513124598,224.02197503296995,291.1731975917022,0.7015122834588071,0.1339166140267399,0.6095026804357184,88.46643920953866,50.579158974655066
7.5758434839792095,25.63031969723344,7.920164679144965,2.097461868879641,405.32171364744926,467.90403402240804,4.820532427087093,3.602674687671354,0.35997116727309464,90.48374363701417,56.755131332480296
6.97138914918418,31.027831242146576,9.472585381293325,13.437249746994683,502.4775824446753,352.4583102292215,5.689645340149953,0.3228073622054588,2.336846855991963,94.29918915000012,50.006914642706796
8.519464706686854,27.54226405869967,6.752592673670154,2.370488272726826,472.2210644195897,242.28557555315592,0.44728769499236654,0.8075134598320363,1.4454449648985543,74.5228406060298,41.47335493609781
7.684299752547073,28.055389486192027,8.71517418496529,14.208065444429714,501.0533837021007,317.19168599548243,2.8220116179842556,0.8936261285979332,0.4466726679145959,62.23823227071132,32.46026749258863
6.685217901678412,28.563952761044916,9.902100864379562,3.1301163733207753,476.6747826961025,321.6215184840002,6.741499123017014,1.3707320906018499,0.7701177562099787,37.336863080678704,22.91604833448338
7.793932165180298,28.014688520077918,9.366846016451285,1.500655468153954,603.4638975976072,362.5367311259065,11.005691881272963,0.1116575953912648,1.792034801651397,69.14551925769382,42.43862812144406
6.815190997863607,28.89225241940395,9.951936152868507,2.167971827316582,335.7220343113444,196.98274730472562,2.8822204123624933,0.3857460178054257,0.14994143855136632,104.1943635980336,38.49000680396037
7.872250762245471,31.98118638559594,8.335829483929405,0.5,368.76058338497626,373.33105464625976,12.005329588977872,4.021171809915423,0.3190539004963728,68.91265685881298,46.37718599689677
8.095157347404443,26.884345263656616,7.135780550022867,15.221692942155169,357.2808665675011,80.0,3.0688025161139287,3.585651532125056,0.15213338724020223,82.8657888772218,37.83977802048352
6.907590608988974,29.190516909148304,4.116461538585097,15.819190451805616,549.6230174235133,263.31039028725706,2.0047587594198513,2.2800173815833196,3.3460053645933328,103.99293862236951,73.2420805401623
7.978025677546594,25.59618937570748,6.557087521366093,8.681627695524615,558.0478306074076,276.05535417936096,7.540848095743437,0.02938788004064296,2.7919560594142374,105.62068489268006,55.883598022679635
7.647668556161899,32.48052746952263,5.482156128430855,2.111725042089059,504.147038318221,376.99941434641147,2.7168406972473136,0.594030009883094,2.7992693525491847,57.61401443501883,43.13460815423334
7.893236095996694,22.956234640733285,10.907696891496066,1.0470300182882508,592.0192400267913,322.03677674091824,2.5538974929489213,1.4831257565449798,2.519854546228118,119.91178069360924,54.36575430510746
8.53807578959237,34.10423194809867,6.683405537621794,0.5,308.6350959148343,193.4993251529342,2.695829861556121,0.48276902942551636,2.213604008068822,123.82050268066456,69.41400428117682
7.252767130398278,25.819289222100455,7.2217686522120745,2.174639713380815,650.0668933861365,231.35061867646863,7.503652509779571,3.605045765707586,1.2963167137375298,56.104504283443205,29.0657371934603
6.947758301385507,19.561512040468784,7.992673676872841,26.58099488579562,632.788634605471,337.88120085926664,7.133773575850037,1.5072299614911415,2.055999175267226,65.28489391076538,44.46904946684612
6.866291342224686,26.576469867098552,7.078484403470417,3.3175326379420254,538.2746396694896,312.88393923218996,2.0668382170038533,0.11193454667190902,0.07823347107726894,125.73272049438575,66.05958619664347
6.910513829020737,22.935267541363036,10.051091872775356,5.248510495213125,663.8158690525272,267.8788301327828,1.621659596697766,3.5954357851924046,1.9428904297983667,85.59439436234098,47.22769405032919
7.353738974351538,29.782895970449257,5.879231148877986,1.3358118169316007,251.20521507866715,276.7249589439219,2.70852862591071,4.746817918929917,3.0090543456526118,23.406661576444478,39.942915801573726
7.604691184889987,23.063192093139243,7.350293419427037,3.0179191759401967,387.0662236484818,382.655119744336,3.4017545741607917,0.12134729013226771,1.3877283165916914,48.00955485801941,29.641976544612593
7.566014479598012,23.99217455053349,5.663552945743513,8.788260012229973,361.7635847181657,273.4076684417707,1.0890054194997532,1.1400855181055845,0.8848184141235338,82.51891124482556,42.752862584506296
7.896309949421615,17.49706671074511,4.62395947980273,11.230352731940878,536.5775188508812,312.0717880373834,6.318644394390401,0.5422389718635631,0.6498729180338987,55.108720491461945,27.376980161694448
7.4078011351267445,23.964621563379154,5.898815636370486,3.3780513590854433,323.9831112477425,515.2942929272489,2.6658867513002713,0.7484421152671915,2.058930339063539,77.59728688090676,56.35332996178656
8.272120446294391,15.092543030169695,6.933333765312859,0.7135885534521784,540.8994179204983,191.86856268044693,1.626136007205923,0.29703852780005463,2.360520359012599,90.97188641050737,38.35170762037681
7.241205900057227,18.872437294314246,6.227255995868932,5.95189182028051,614.4643372796056,153.3341541582807,0.45187304954727,1.2943812560899637,4.095383484601133,133.86763812104186,68.65948406116394
9.032101499953772,29.421865952649338,5.753642236227059,3.20206370142067,533.4243480100799,390.52306983187464,1.0916738929126464,4.754391288265623,0.8381164013943933,81.28638251316633,55.079850871852706
7.775400408659004,29.536100713928747,4.4686285653906985,2.9746755536642757,484.05012283938015,258.9221244835307,11.925832286258023,1.0489670108415643,2.937372983730464,122.17625398718278,85.50473451027864
6.885705466150231,27.914559028032343,6.850409969268349,38.585421138072086,331.4551990919101,291.35862250316416,1.4559475119108964,0.12983199150498853,1.648133456055446,132.86280486110311,80.86594997931064
6.757464501163333,21.648607355918543,4.291503326744196,11.494746577811961,348.3778840649562,249.69592596819973,0.7398246863442358,1.451381303128406,4.2883696084568825,133.02929008056228,84.36729117428936
7.689483449145912,25.78529889736109,8.368100734641285,9.766933823171343,599.9542686356,296.6179873309239,2.4697313067510187,0.623780057150123,1.5007565939255985,98.54263780156705,46.54845144611502
7.26592232880449,25.983788574092443,7.148391555282106,6.449631282935702,543.5218804686399,463.8684300886707,1.4674076064155588,2.9061338963716983,1.4580869376200798,31.101325564830773,29.146000100707603
7.828400296455255,20.787358898633556,4.376407300963125,6.723223013561665,445.3176576746947,392.19156127563076,0.14316886979694673,0.8555400915400465,1.7249174623048544,103.82474596211595,64.81622799305435
7.683942574744127,32.76529235795218,6.443423661310246,9.341977524237796,399.8508545080931,397.60011606982795,1.5611941209192213,0.32134932104779224,2.767119049532051,121.45199663440623,78.71474104520837
7.356302652405876,29.94813030759052,5.64611846993695,14.30570900308566,206.90305522663476,192.5395649786619,3.142002832951699,0.31813039502410523,6.68720525967573,87.56798683693748,63.24250895718399
6.891923769158957,25.005661217766512,7.574514118754525,14.533826020020552,321.49770975786737,216.39616371024175,3.2092809033480125,2.1964758397609883,0.15281923150416296,142.33751610225744,59.75991035014885
6.491091665188481,26.12098627547539,9.41281080284166,2.260470194714732,679.3702904567668,80.0,1.7636992789544268,0.46302682947308066,0.10983043314773575,115.79500684402373,43.57356551706023
7.132091028759787,26.937722635763986,3.62468955463766,8.320472521717006,296.345331479704,247.15572610255214,2.3717796281705446,2.1865785286729538,5.546788890529667,107.04820131458352,84.38124407974347
7.913839276594084,16.81219309209069,7.207046942465351,6.371484800088867,472.7375785465297,406.10328677470926,13.46926183594939,0.34579485272833604,1.509515985456912,122.59142133617513,63.41161109379097
7.528456246478123,24.887701778657313,6.711760967980047,24.531391839199422,570.8932767834239,366.5251864173534,1.895073080763644,0.5822182724458109,1.9085201324053063,100.00109553782634,59.432640331195906
6.6525567327728075,22.931070884009905,8.20841213761084,11.97713481268452,299.40927983972495,300.0638063343089,1.1948470431673228,0.9395987631828321,1.3171962699403499,15.215685018139396,14.345165294006897
7.5039085555107095,21.49270995547288,7.38375393082784,9.124375542086748,472.16525697373,317.9929744653752,1.116036732041107,4.302218830720722,0.19667591353311137,75.02583145588903,45.56115844343406
7.631190427837303,24.735048682013204,5.646455202870126,1.4713638815232823,562.5498645012786,258.00030116821347,2.4482203116679258,4.026458575752085,2.9228064666979314,125.9150408174356,75.78598625567611
6.86968553827932,34.08958937082285,6.425702915800088,11.16582874959283,451.49991862887003,338.4282994161606,5.700475885579054,0.347655751415036,2.75050821989016,65.77225979705112,52.72187178424442
7.492235063567317,28.883792875701545,5.56715345775372,1.4959323456641729,794.2083666800122,388.92904515325534,0.922627745884036,0.6652623288692178,0.7470706304728714,83.29582484289182,47.38606488524875
7.4349252310676,23.429694545977416,8.936812849477477,4.935502972424765,249.76808893461657,174.57018913305745,4.941800595907493,0.24271886580631852,0.7312562233363529,58.65491058290786,15.574787499580701
6.714217821301626,28.576622516102713,7.038360967609496,1.849595667209103,577.0474235860654,346.96829190536135,0.1,1.0699791569406751,3.6383605851444494,143.51767785605307,73.81826576657471
7.61467241620897,32.29709946463701,10.422143234355413,14.134735659795462,429.2637915124243,403.91913838592006,2.1715566898933987,0.9258982789912307,0.15021719266517405,140.44477372254045,69.77027573925548
7.736470715820941,30.160851573107458,6.890810535133682,2.771872702553357,542.630418580401,282.6409739932967,5.9820280840082045,3.4653236356620103,4.259031552219762,63.483933145778124,57.073210191194285
8.049830745905167,26.268336664640785,5.724867819561167,5.968189555940218,502.9568582039095,383.0630550908525,1.6543900815014478,3.9890052982061492,0.5932080160224101,94.41894001167252,61.99103912066198
8.032281231220942,23.088784500324916,4.275314093296911,27.12290545064556,362.02125634680044,573.3189000025297,3.318040956061022,0.7257094119167096,1.7978092388789573,69.58517856707857,57.586902404001876
6.573398379225746,29.142004911261154,3.754348582739299,2.7426436647618426,477.47956709512084,310.6091486311797,0.9175481697497038,1.01513715632242,5.497562493322449,108.44833917094134,77.63476751611178
6.837304976050927,27.770684234397873,4.148555302590118,8.506565153939627,227.05182583220554,355.3976345004791,5.419111321472124,3.398457885454854,2.2671684907560365,105.29049231726987,73.8121558235857
7.709021160325197,30.028369490124796,7.48082797182067,6.521666479610886,522.3897000685672,253.57486247047476,0.21478093122324274,2.4653284281539793,1.070338453796873,114.35116714839796,57.14203420451484
7.708271570547326,28.858273107568863,7.915705041813881,0.5,485.7790159188631,336.31260463418454,7.656865051219494,0.01,2.3393631145731675,99.95755343123662,46.82863855630289
7.709028611783629,30.722987218937007,4.15385673634216,18.88642361347109,526.6392202371723,361.4244462484073,0.8835662878053785,0.5786251185543276,0.8431268966383839,178.06218619165404,93.23907813152273
9.5,23.591441547977443,8.611068965337008,0.8585437383524641,576.974199010458,337.53581062431243,8.298549415835252,0.8216863525238766,0.6494070861006341,59.16228704967783,27.032306788868453
7.742534306415901,31.928273295354465,6.130490106969809,7.715268174810291,494.1143808251653,228.2274212262029,1.738726586951524,0.39149455387662957,11.417556627015186,38.681899366904574,58.29977348346592
8.08133938410836,26.889198221115798,7.264227421573989,9.870279851191833,467.77073037579316,338.57255941929054,5.130384377362864,0.33391232175368635,2.778920584228008,78.20729397895616,47.93750359170227
7.9724010580959215,35.3386739268137,9.901997130859764,11.880101652769103,344.27179960064495,451.59763448458733,1.5380954452950586,0.05777527167621935,2.069698008670631,42.960352033191974,30.27145015741155
7.790834750783479,22.898654818596945,8.614310768557957,14.001343152686275,364.5335083621139,360.37721880630744,9.454085080827813,1.546583517458815,0.8779082445968491,45.22613189982022,36.27619247695299
7.210838453215793,33.81183711424362,6.516644833769502,3.504657563063934,592.4081544212797,406.5788470164657,0.5416165828994491,0.45675471609453255,0.10082069313839293,59.96056037406099,39.9164008273339
7.855381532295961,26.890598525581915,5.395853994252483,0.5,622.3602486847174,298.6689226988635,0.7865897239545284,0.08065059866507729,0.06309872882548137,62.33433283705118,33.187735478370726
6.936304871277457,23.068618983734982,3.126732277607251,15.424088711872782,421.4267476425535,387.491021548134,2.717214782461906,0.39395610818036525,1.615685623834913,61.3614569414982,49.825782150830754
7.257908835955995,23.822513746755554,5.705524025363644,9.205570954472332,455.52032967039287,345.1341054394873,0.3419633229550349,2.4285806415826903,2.871244196239446,105.54656851336235,64.712478528867
7.108781871302538,24.55843711312556,6.61996557011015,21.703281735754622,341.4462750007481,234.41803432814913,0.8725254568541791,2.8606462087918083,1.541695092575773,74.81432816743991,50.240054146258956
7.449124483631794,27.908746758808626,5.223076851127869,20.67049746397735,590.7308214320934,348.6668904318987,11.512962078562863,0.9897608197795869,3.6750004814824924,84.6145627538256,74.37742031773023
8.788795140004105,28.352759696159747,6.763737459233852,22.243069637615054,529.8500188430135,230.74730029037204,15.001260013713674,0.8069629716751594,0.06799593973695589,116.82698323502805,62.85884335770983
6.279640884444952,23.418349982276396,7.1383333893257825,7.965266411979233,682.9460923756499,263.0407752603687,1.8880823554824926,5.7151268188670175,0.9137865382088989,67.01032425655721,57.494949848533025
7.811756114224709,25.890404334825575,6.595259232745459,4.87089359804386,344.60123073843135,337.0395476563137,10.270685327424152,0.33577443751600833,0.541179015503813,82.06362303885834,40.955556923868244
6.432370477286209,35.64021661375339,5.829995354517773,18.81714510998315,404.63905211781395,346.75198460421115,3.148290424243074,0.3637940267019886,1.185782025261945,100.97279958278747,57.22613115799332
7.116840880526341,33.7739442654532,7.30357840954011,7.202312472387247,477.77351070306867,212.96907814305837,1.2574320823196996,0.5176853997416062,0.15025844917328932,31.75296598139336,18.06301599534466
8.05337035818042,27.963456513533146,7.795493169224937,2.4318908965851485,527.5787445270925,414.8587194064589,4.848002714352837,0.2844857681046362,6.163959516959197,18.452834731482525,33.88503612212235
7.438568011457278,26.1710156517569,5.037281660602877,23.170108526081478,424.1198834942841,371.48056504704255,4.302339543567484,0.7155196430725984,0.5052873683072787,100.38351986393168,66.12070313361612
6.753353133242417,26.540140970232176,9.539678283543285,25.701919978016377,345.2446691455559,256.57444079502045,18.085272183078864,3.6258870355191073,5.110000194379472,104.76042841700695,79.68595873057596
6.970817774444019,28.760830877286875,6.822541361888329,7.53527611205409,555.7689034708285,181.6173683195742,1.2317964738010347,1.4331237528487375,1.109879517867179,151.92660404557233,70.11577762279308
7.807758649360806,21.397433456607175,7.033929321300726,0.9446194762554943,536.5362435054698,306.95858788267117,4.459692390435799,0.7964061472415443,8.47054475714865,94.7428462760043,71.42379939647292
6.9617800209697185,24.841805581594947,8.274785961861802,5.888866440421794,340.047107932353,279.8650657524956,0.21370334035605254,4.086516221943942,1.615134480300274,114.59219151774285,58.42610683877632
7.5298751537491855,18.491371667550847,7.419789036274303,19.52741420699326,612.6531361326595,330.18264113477204,0.4825556132035912,0.07451700342102979,5.342458890004249,84.13582069242078,50.68642786102179
7.427343103942289,27.79650405172376,8.71564594104384,27.845815481997203,590.4238451035924,287.319500495999,0.1,0.354107980385301,0.05,98.9168166475526,47.449092076468204
7.009039791436511,28.912381728662336,7.5168234973632835,2.7299271434410213,466.11557966973515,139.3288825329491,25.0,1.2516811613151997,2.7585485686875177,140.01770525248602,86.7060722292492
8.686366453595195,23.82566091965282,5.897612725647212,0.8318615472436168,459.55174348512435,285.04877555289573,6.483486053533736,1.4339225411452245,4.667133267608412,26.280215456230934,34.60543045932826
7.780351413390807,33.082940434805145,7.650706345370983,25.181090433649715,516.4869325339089,292.4942800038518,6.180654230995547,0.060541755078326376,0.3009960407856958,102.40848772715042,44.847297908328834
6.184914448005436,20.484054516489465,4.941292826822808,5.919855449335511,346.595631569249,377.02949222966527,2.8511640562096603,0.7738546332217143,0.20213028959869234,154.06760190232097,81.42341006039327
7.511872588861657,19.410313039055808,7.1954074703977415,9.364371827245627,453.60377749968984,257.16202928500553,1.4270831250121525,1.571111696987219,1.1052844448777062,98.46102657628028,44.582114317401604
7.002928121138968,27.010033183519873,6.940186016839971,41.32893744635054,191.71397464689835,471.08072060353095,0.6560297210042579,1.7963428293864567,5.426494549035046,139.51718889698543,102.1260006248485
7.911460000877735,30.711942361754694,6.625389656909428,0.8266038883095281,555.1746774603523,147.95235044134185,1.3400717160975504,1.5247464193424443,1.5634609382692863,71.12363551411673,33.702728266129476
6.92448755694038,33.57767461156041,6.768632479409924,12.540335303816995,262.62081330697686,438.0050748022362,1.8862351718913657,0.5797366427055592,1.4992507920430547,89.0385751750886,52.2318935727539
7.331158135119861,23.93502081708977,3.6126717181042496,0.9239387770814996,630.4103794114799,299.81129262097056,5.647435004868312,0.14727967238869633,0.30426637536611634,91.00574107165762,53.108829212542716
7.7029923673882745,30.85406375044083,6.012295166066269,5.64905035676642,410.385588724026,397.3626385109201,3.1031752725669612,0.8355987346422185,0.05,23.472267619236874,18.810564378728905
7.919453116502073,25.826711887246816,7.167120822054007,19.544338429465775,424.5999621682588,327.182133565286,0.3226006169344784,0.20674711503861817,3.322937596976941,54.954665164493996,43.0955582341901
6.6798221557665345,25.223177150266313,7.287741505595321,6.8187502113542395,374.67193126985933,422.55999824229224,0.1,4.4239504321459275,0.18329781945159834,57.093747618480414,40.908808811172534
7.199299258495431,29.976469718690026,5.1501847463332755,70.4622415195312,415.43533512935085,285.137423190247,0.4318207580317751,0.9670237926818066,2.00942339683879,114.66198234097583,68.0199522833195
7.115032813303427,28.935452952860388,9.278274113556462,9.826138146692486,620.2237614177644,221.1241617339969,2.1139135079359463,0.5724599341164298,4.921203745147795,116.16459317052166,54.689950058162935
7.008002460455773,18.906235293570877,5.440885273213898,4.648475890735769,151.46296121579047,447.84538585439566,10.823784687440915,2.1806016868001494,0.4680346975879571,99.721093281196,67.48527452259412
8.459272544168659,32.64443157376653,8.745022960948127,2.98324914004404,603.2358463305825,309.7867418706073,4.057847294048865,1.0335791389782751,2.188879031037551,114.72308690567118,56.499909421517955
7.642989026576574,32.21041109366353,7.768949851369033,5.179008706804581,490.56281773220496,339.94026262617894,6.4744373643268665,0.5566694891543837,0.1639360359887266,85.07551761834678,38.61771569793746
6.643469627398973,23.18496784320712,5.836790842281155,5.592775623525075,305.1574022571341,431.12767226403156,2.5122446960635685,2.5067126217648323,1.8514458703371297,126.0579500861863,84.53676342647012
7.950717168232866,27.78111590046834,10.195559606697122,0.8542620751517405,320.96251283409146,227.12402821150084,1.7955750079246195,3.027826197163371,0.3580899914631611,90.26365327896215,41.532276732754205
8.67329371820758,28.223135838272324,4.851453702838336,5.536317767648657,651.1671632649843,373.59418078753316,0.4589523820068641,1.6767301226348876,2.663260568332381,91.73592142280269,60.77313229716186
8.01947915633069,27.173031946207583,8.654477512498003,7.488794597597776,336.53917440687223,266.9094719183398,8.347734862170162,0.07215456572812345,0.7168709706908254,82.03222100212766,43.41484959023899
6.488378020427592,23.52362680769561,8.80104817247736,15.393497734235051,311.5979387284849,308.1047579920065,6.114382633831402,1.2531824779159173,1.2449711705387108,110.53351432909284,61.34610838723803
7.10945955628025,22.97769484427877,5.792883623662039,12.830837620503695,586.4777450837676,326.505106884586,0.7362591698559952,2.161410400676604,1.8297361987297638,77.3640355016126,48.38746032763537
8.160146689511974,25.885006680538496,9.506437540115792,14.803524328880002,490.6263451543097,184.98003246977575,2.871895832385459,0.22014730444198044,0.3757299720908867,119.29294131594204,41.56509646172381
6.975398320628732,31.27728058666714,6.549916273721885,0.5,337.44893081563214,249.90466614616088,2.672841282294234,0.38945993335374696,2.706785749328483,56.0355257785198,39.824954860510964
7.666291656887737,28.446200695674946,7.519648532703743,2.945703703564116,475.9949970485543,441.59656031718254,3.9242936932651142,3.2119129309065775,0.7209079814903441,57.032512358154186,44.613077032398074
7.864780432057603,24.332235505612523,7.468579309788197,13.005309137654844,326.9096779631667,399.7572069726316,11.68895294148465,0.03049038150636683,2.1716203327900625,110.62280265379513,66.69650158849946
6.8438417170531505,29.47264419791755,6.758244265353014,7.939534912920294,582.0985678107127,314.36243804054885,3.4678261177622796,2.0958942704008483,0.34462297196387,87.34367356250962,47.77789982639553
7.36428478636292,13.18155820716466,8.459454891687608,0.5,577.364515784776,341.88111126616036,3.108004880642973,0.9630347344127608,2.3302585502769007,76.38325751540614,43.389589942990455
6.0,31.169445651674465,8.428279696993984,19.58600994589686,513.8407438586332,293.5181744927188,0.2065331263262265,0.8879780294710617,0.27436311632781535,116.7017319742638,54.03624224751294
6.785367415199427,18.171287995498552,3.8526424481712747,17.783600747806528,493.399327349642,442.0925047245184,0.2598930268291153,0.010682748972361062,1.1080108479465136,71.78215757741746,49.83222892814216
7.248459109164104,24.369015763685905,9.347812437180675,9.54001057394682,661.3425749840849,301.9682679985253,0.8298032721336959,2.5671912641015093,0.567927517881496,83.99396237098891,47.369022864582895
6.651330090821091,20.961485474182354,4.007514421535786,0.8253003597171348,449.96235928658706,340.8657882921363,0.13203857758715729,0.6690203209390913,2.759632772584303,131.9768385021348,76.06432975254215
8.37944678235898,20.173933359255926,8.858583167814983,17.455651870919752,308.17510494950386,423.14271297278583,5.440213088854738,1.1672918880730867,0.6077177741754168,136.17427037431952,61.88941794492052
6.541915173223621,31.22372054320334,9.02806924628965,10.516581175100617,503.93686953987685,250.03656636386842,5.139723670000549,1.6965514601701366,4.2693556222748335,137.1719463081098,74.775879429606
7.13597330798181,23.89534459409649,5.036260425612643,18.27691970430337,700.3256459444536,460.29102660472046,0.5849903937760461,1.8191650498922711,4.447921453504767,81.53622669198266,72.89503967444757
7.4784443463716554,27.55926746778822,6.260534281681747,16.719682330884517,328.22886081769775,182.25847312309608,7.233480277340338,4.6846688088502075,0.43741012006899027,126.92108714953412,75.28630575273102
8.26476397343967,25.78885739504367,5.009731596725316,19.49474481422317,406.6244679967217,466.6677918001519,0.6726618819125891,1.1368164305262338,1.9030377658827897,61.53141516693965,48.21297968053066
6.538482709292337,28.146683722504047,6.613142145480277,8.757934804210533,499.9735245721743,286.4591974443223,1.4334230628991906,0.7655374768916297,0.18361146689561839,62.79291375833817,32.24808401546002
8.097898251292976,26.34569850977115,6.445538288465666,1.814403692213089,443.5314181193113,298.15711269572466,1.1452754703455104,4.609037470368602,0.9936386747118611,19.486324421269174,26.805489657458498
7.406139836611753,20.226534991151436,8.403388958084811,13.34611542352923,332.12357035472223,149.89908459353515,1.862816970340747,1.5412953885959215,2.498789401475982,140.1860460569559,63.02002480834744
6.81109480937123,30.48320068751213,9.358555743015295,11.625979283223412,584.6229427476565,279.06847543600765,1.1756793658566986,0.5310541209402881,2.1542295314500333,64.08060452771765,34.74296462535336
7.677262084557963,23.778095375774093,9.512230859421921,16.269330259540755,728.4048866420711,226.4174122075804,2.685158636089663,0.2028093265195628,1.9600627130002293,86.2040226075882,35.08294016951595
7.519435817344083,18.99538145603112,5.988097552159056,2.234234667162146,473.5357750828689,265.31182891638747,2.0929957742035974,2.7730138824768584,0.6640785716197561,62.690269742151486,34.539700863812726
7.039869873704723,24.073481775653395,6.62340062725985,2.6025863335300423,341.51180523168,307.64201307900083,17.240905410044185,0.6745525200511282,0.949710597356644,110.85495744990422,63.40956522436396
7.441881250994012,32.7534190578544,3.9698112540022894,26.532056930177504,264.124736993583,406.2012453025615,0.23020438779196245,1.620288224990833,0.21727875874509914,78.7309901784798,54.56020355351359
7.1688118418829445,29.82599783951072,5.54943388030686,16.63446670645452,480.9571177465417,338.6843016260563,0.6134503849278845,0.9546298109867875,2.5389636489074023,50.85549328701152,41.18663163520629
7.468110407150749,24.431065395164634,8.736732939575424,28.661440367346728,582.465281197951,347.6908988061002,0.21708941018046146,0.33271000512311855,1.401910354737368,103.24987692558182,52.501013386117506
7.797278404712628,24.42834033056707,9.908049082386817,17.061333631473367,507.0201295794458,221.4032550038994,3.932299837373313,1.3807742520302893,2.467253897664981,46.98809925569314,10.095878247581297
8.351610089687211,24.55264226952178,4.77817203061614,10.910449991725383,449.7115390897375,240.7321319357543,0.22420481243660711,0.09390350544978156,0.5725488600824336,64.87782824053527,29.66476902460319
6.657310700703891,35.34536592602379,5.9335643335247905,12.740402526707106,379.28740178528324,481.8852516516181,7.242295111255919,0.7999710545065162,0.7844213607337078,26.793326561217576,33.24242287623876
8.67982002479376,27.71870953504199,6.952469637473931,26.392538522395842,318.94036407382924,253.8319068713078,2.86925649694554,1.186520237619601,0.8135779798866024,47.281256634071795,33.40334640513958
6.2287473202865,27.935187412359813,7.504290085875292,10.375962422448426,550.1701591589858,469.05874268515663,2.994704040971278,0.8591764775954387,0.05215908785208389,95.35587509161434,51.1815912900427
7.308928942978651,30.63627554314329,5.542713664141036,12.008835455176872,559.6525945662703,298.124492100722,3.298444061592209,2.071495675990113,0.8342087835558014,31.06391885691226,30.15911118468098
7.752990323890746,27.074551215619312,7.7633098800353615,2.0420132802065143,264.51242559711204,320.20591425291536,0.7492417124446722,2.639736879812234,3.252197610185984,45.56562826134853,42.43702572385991
7.56859512064102,24.834310343806838,6.147089175272351,7.707651669800276,640.780677381682,416.3328644206937,0.8810423597478265,2.212642946751407,4.55185703024432,89.92893251601576,62.6600143665829
7.026380288107644,25.116425679117597,6.9739859124190975,15.122163610457143,518.8885465072801,434.4703179744791,1.5356990418153325,0.0593793685146434,1.4605284090849693,73.69179311720842,47.232888560619536
7.275126649785635,25.67779433263671,7.983311646406659,3.7920353631598265,617.9513574174953,310.02686957488214,3.600650131466902,0.3237469710908592,1.2157808999284703,149.76109907877927,68.67895853488928
7.1041994392047005,25.832499935705712,7.0115600856596885,2.7115830507815115,288.9446701817862,285.0581251830615,0.9434857124149632,1.1537713077414944,0.06261938282828633,145.01689638073125,66.41385727218751
7.0463811458334735,29.27433294636641,6.214505397052177,4.519502603703591,286.10110135014736,314.96715963300085,0.49469417483630385,4.095950866223604,4.227309802579727,63.962326117465395,54.239617447536226
7.909761258212615,26.233756486132847,6.802702352933505,3.3169596976121483,432.12368282792437,350.41617754089066,14.041846885130186,2.70232180501265,0.05,106.71412855210446,62.26264521535616
7.614209291579029,29.296880347470108,6.8409466734303965,2.9035233239105995,510.3341312274233,400.217331818278,0.1,2.772823418053293,5.791776780707735,112.47847670638353,91.86910311098872
6.984254242843608,25.636775389511378,6.33398014621217,6.637510417397234,665.5632987512356,320.3806873094736,6.492066860734341,0.5419029189599344,1.3436179312079355,72.0756342592679,48.456480392071
7.939759925259951,26.353858356422407,6.534167087199216,28.610555481226662,534.7294696578158,375.6997668220838,6.205339271754497,0.8417261779936274,0.8369015975483456,45.13375390505389,39.18030609645773
7.5843797125259655,17.008096919605514,9.877564906908491,8.488405194703585,420.878246782556,467.45237590438467,1.4108120207098882,0.954316704558599,5.159800439283318,89.63104652075828,59.704407566226784
7.8877172713033765,30.12347453616117,8.00965500629423,2.4978826853311022,326.83569508009293,354.3178651038306,0.5830017845290113,0.25684380757098946,0.05,84.81462975557668,31.845646797861388
7.777777305154168,27.559198141540968,6.468135427547511,0.9611442106613568,597.600068726298,348.0487570404301,0.6295573591426259,0.04734146911953643,1.7417978849514024,76.92706509088143,44.25984443011313
6.902602993446757,30.491045494368436,8.254517928119323,14.294896138246159,334.23534890991425,183.2980257418939,4.781791873354554,4.403449434001945,1.5922766751737425,103.26950604493456,65.74155253466063
7.063891375881819,12.966850798128398,6.399124918439182,5.790721879317923,645.4162265726786,83.23428768538429,4.117911528955948,0.4130623473759797,0.4951809162895943,67.47811178983204,22.668264351294958
7.848376163073957,35.39768617151327,9.111624347655955,20.700269293459268,415.8738420472189,354.95381563071516,6.106746414595371,0.4115544240287035,1.120337891523752,55.44007357262571,36.66640547731304
7.766222159260079,25.371846673301718,7.665355945956569,12.928461358281169,640.8698487141421,311.4658191847215,11.089150103958403,0.1305918826082511,2.1126234497767453,93.27248911049496,57.111335025586165
7.3874590436215115,30.986822675318823,6.806856140792388,19.089834806499876,531.4717548071134,273.6695592576732,4.709678761051587,3.9572493809310347,2.597528347938528,101.57910277706628,77.05731311722666
7.47039642998527,21.32042332793511,7.8058904664585,3.808561342252463,433.56054126690503,341.917718376771,0.6777075811826874,1.3003122700483236,0.05,54.70065168299841,25.188041133748158
8.166598937473056,28.757482572781562,4.172422926276701,14.145858098428985,387.6724353808648,314.56366437227825,1.1159075801948797,1.649585215778286,5.524593496449628,117.84271832973243,79.10647231832729
7.045057166698502,21.259629965718545,4.971818555962351,3.67931258560417,409.09105471847045,421.50022255705085,7.385548572209011,3.6384328308179557,0.359510598645199,36.885565866717656,39.96417030354814
7.7282584287020235,23.193039676868878,4.850934988481701,33.576055912212645,501.3980030850285,327.749978143308,0.9393773362217686,0.6361009719239643,0.5320510463840279,72.6565962385307,50.82455587924608
7.278684408539664,34.61314109240054,7.257297570574672,12.139562235885094,459.258779546126,252.77690434368492,0.3011461847859044,1.457337783563937,0.6116199780055868,82.25974391407173,35.76725467115851
7.269391278063668,25.14192919656494,10.118526999073165,4.707835086430314,378.74263103175537,409.11496150633604,4.859866111731859,0.0593583117575159,0.0771077551033726,70.9132886204421,23.143047485506322
8.059266111192315,26.978447929308754,11.016340263146738,3.7685074381961785,430.1242307618841,300.4582032548418,2.060180423025044,0.3101166232432009,0.2626154446893315,73.04818579346423,24.592777895313162
7.895249809392818,29.915304788099395,8.148491982593363,2.542387419512348,459.429243566298,367.38830153050765,10.104917706010099,2.6689681362183064,8.588020224501532,146.13223446924343,104.00787435927633
7.888105781600384,28.23056849587672,7.901520054900023,14.235204129089766,194.55190867022256,277.033036442648,4.202204658949048,2.1835847107191855,0.757305791433715,64.47347732883304,37.18598399688994
8.183287284292598,26.676885073146092,3.7580960785250697,2.9617927624502447,504.98017377464384,261.51558030523074,0.37908480260205907,0.6476582419831917,0.24501581386571394,163.23665167415743,84.68894295209188
7.412602304979655,27.642324511098014,6.023187160478761,10.855407565549756,332.4334530339832,327.57514071671267,11.815028142179992,0.7093572571859768,0.22631782446968982,103.11380339193155,58.12383577421933
7.809171782776978,36.81537013357224,5.58198924656517,3.6886600921091883,311.6001116153106,321.15457791893164,1.1966293885727837,1.1439209257579155,2.54207769289697,92.76165411935976,51.54673990163888
7.213839946043927,25.740715413348866,5.882474323147991,13.015410100940187,247.51867834671475,363.18443318301496,1.6452033540688114,0.01,3.8561024430178517,104.28721060162998,74.60809274098582
7.5944998114930655,26.904945710217355,6.697341126547379,20.244884583475613,234.73290025585317,295.82188220212316,2.0584003770608272,0.41411320766552945,0.5939900729421788,165.89783247755855,76.79023500935068
7.32191416737939,30.727944782034253,6.150236960145171,18.06229933720661,287.34629962652525,154.72761946066424,0.21033143430126303,0.35022992646859735,0.05,60.19220988205656,22.664320367222277
7.458197578995631,30.974866698310926,3.437260341323582,17.16803848951824,364.91748508434114,281.050350477045,2.7448087893739337,0.43248931329418117,0.5048615783621853,56.387462431908325,44.34189603284128
7.757094215262149,31.34163637502171,8.346238461011561,2.494957587983202,684.3910965031882,391.4436620429434,0.5264460491575469,2.45911783484426,0.11635108945407227,67.35401410284237,36.34217384270377
6.909067590059917,28.87428599913133,5.069062553668348,1.1104496280609575,386.8944388925755,293.2361528681204,2.049776576043091,0.49207678877448835,0.21827959995175122,90.96429440893682,49.115127973562025
8.655432365411276,20.856477892712824,7.430644355400069,14.405700283886173,471.3300127521638,297.82549377369065,1.7275019770598212,0.31890145900369604,1.1295364976539124,38.2268662556228,20.933802592526362
6.796389571100179,33.35044189535493,10.733348805549952,5.5129850966373475,498.05776638075946,408.77388553153435,5.928404124926991,1.0525659964982528,0.5225175157705177,90.67017717955824,50.527924228931795
6.671486832327361,20.841445731415902,5.345107735144438,6.794923195695427,465.72782234590187,255.92240954669694,6.501669865296751,3.010904998661992,1.4511171145771375,140.80641400241015,81.45328488602013
8.094866524100041,27.361859593575648,2.445482459056606,0.5,440.7067847128808,181.14771035813902,0.666168670517717,0.41432152594503463,0.5847025879932635,94.54222171874332,56.74847199564597
7.874997616377762,22.605758674912888,6.485192400615801,3.6063946881389697,306.56474836809065,305.5431992427055,1.8263043335993605,0.1226877492905413,5.644812144627177,81.21943623074169,46.89592442612265
7.774471890231293,25.711377440331532,8.981727342997427,0.5,624.1113057935054,276.42434438761364,1.869488609084871,0.6610278333978418,4.727729176819913,71.45518653949118,45.7061688590329
7.777007305558568,27.479430846365663,10.52502541759707,25.362014687241473,666.8635972365462,233.03783122220713,0.6567186141761955,2.065418244775712,1.6731397135530999,116.95535113654694,50.95271160325542
7.392651936291852,27.44610746952623,4.78681072998565,3.346994195939347,248.0809567052777,304.2159389691178,6.4069407201996516,1.2000651279032732,0.875224650054023,65.22501680285858,50.23110654403338
6.861647377108501,27.89864339405878,7.894058601825739,9.779362846266046,327.11656909363444,364.23550825221054,4.913449005419974,2.5457109526759036,0.9597746473745826,145.39187761797743,80.97842255284766
7.4454827349162365,33.26170071076391,6.162441177795904,0.5,416.42275891475924,319.1640294588966,0.8447699341569591,4.81309672019041,1.0615542869834858,148.0007924314307,84.56017121465034
6.993702973092733,28.04090435681291,6.809292962252556,13.189855315374098,334.25546461077704,347.6282965417614,1.827382521581719,2.360110899782657,2.600815595314675,97.70252395985362,66.7290477050477
7.985071840050651,24.90129514119208,11.759818024630663,4.681492793187965,510.71586641470384,483.20669286638804,0.44732573834312955,1.3887658735216946,1.2016428832493211,89.65454735770065,45.6171283194674
7.311765571098717,30.338392257297606,4.294653408888724,27.38388593593161,362.6073357112064,289.14090245981924,3.9576677900516097,1.0198773692269347,3.88604788739455,120.91979424724678,84.26866376218914
6.904701681924493,31.352617200160882,7.456731390690233,26.283746678444896,709.8067281367923,345.05137711802024,0.5175743727674416,0.06134094308395083,5.768195256444331,122.84395506681976,74.85785552843075
7.2071684950082044,20.475764831883534,7.84184770917778,4.721678718505632,592.8658313212316,274.17079736607786,17.056026917158892,6.233243207848245,0.8187840769696687,65.82024806821754,53.64091305806421
7.647758872565375,28.688300314324362,8.954415384890824,27.746886165734153,475.5088836758658,243.82762521017244,6.068931552517152,0.7254995047954464,1.6451203315316199,74.20334600589894,39.58074393832264
7.0617652683176155,29.155277340399042,7.176369676247612,66.74012683378047,573.2383515983679,267.3583111924007,1.9787498527695655,0.24771569939183066,0.19976561774367546,50.32957695950113,31.48547633015265
6.906667762660142,24.660964234880037,7.554490971107384,20.94416824730714,582.7080509228771,276.91172856304803,3.4563487642003388,1.648108294301484,0.4474600659378159,102.27194815002171,56.9454760414466
7.546212326895148,32.190680659902284,6.295032578640776,22.36200590222436,382.3263014330108,352.3528217792413,9.691867740236004,0.5017167472553654,1.0670484876227344,109.99883650370673,58.5692802698948
7.546979942665234,25.32474985835363,7.484428494241193,3.4363351190512175,352.05393065496423,531.4168208030682,3.230635814103564,1.3220308065990078,0.461854320064089,49.50223086416181,37.76966156391047
7.095834094777323,26.56509404062194,6.382253904104661,10.316157582127985,459.3771675563577,255.55609073517437,0.7670567282629491,1.3256188160807183,4.1840080937289486,76.34403285551522,51.40074720567761
7.117377016629007,25.221176790722588,8.118829401740891,0.8354928870876132,553.3963349397533,282.5037224946084,1.9037864913211027,0.8851545348224846,0.34463058821973913,49.58238247255952,19.61788339180969
7.539229962414582,26.070105714116604,6.334701395121459,1.1967559421766563,466.68724783841014,314.31892881998766,7.409730427143945,2.712918567538772,1.216365473246181,63.03600569268487,42.45365679894664
6.531149395101606,21.06676210897159,7.678780709023935,80.0,260.76042213708035,355.62189638387724,4.133692346960027,0.46175994984471824,1.8612826236006477,106.53051180678898,66.49503491165318
6.555521735374067,19.519771028325675,6.947326935367039,4.745688712915071,353.66106672589893,343.71957307593067,4.207575754998212,0.8930308337577824,2.3544274739556363,67.99553799965162,30.406814698345173
6.968933467248538,33.17527278451237,9.026890451389903,16.548675211549345,441.1232563686746,435.5686214553306,8.064259351417475,1.1572863322609188,0.9659973841452056,80.97522131903104,48.33617435182299
7.271931708972892,22.188673932567525,6.907491297540725,19.719973412779133,440.92012748090036,101.62471365183126,8.976248169140005,1.6342917597182776,4.066628983378421,41.180648161580535,31.113925771749432
7.586544539358803,21.538734427446617,3.8085415572276133,23.425105381719902,686.705061214777,105.17631168238947,10.092556588778844,2.298519837083594,1.6801374788211565,95.60970629173993,63.772008032578945
8.285213730169732,16.309744488783284,9.271458701285185,72.52976623251881,283.68144691212024,275.37096451908656,0.39861484750132625,0.7533124964662721,1.1578798356572526,88.67180040466053,40.22219078366862
7.914595773921212,23.12467213539724,5.369681858447286,3.316894156759165,510.67070902030497,418.75701687893377,3.1421553109828073,1.5578864776263994,0.13921605142254712,68.13122249900513,43.1942269742376
7.304036882021944,20.046095929666258,5.823220590432125,0.5,628.6935729993947,179.09167715549634,5.39614107071468,0.24485693437720663,1.2498165353186503,84.32957106952577,48.16767887206977
7.388590275258387,33.38906822061366,5.9278096707217145,6.355851673096593,722.5739694507355,80.0,5.657571328350714,4.04673626060876,3.4377896227138995,95.40884641510333,67.75924725808257
6.798482381217315,30.544176902041855,9.47398856770747,1.6722575468874767,401.47230921792465,371.40614655972877,3.732895181332668,0.7244723547956963,1.906640988578486,65.55395553271967,41.32138889814055
7.388892118404566,22.90332344670024,3.155786414838348,0.5,508.971534326424,341.9291501332443,0.7298654779968693,1.9613435667443027,3.569517507789542,45.71212367994662,45.65146207738701
7.226804816647918,36.13596112404939,12.647947360587988,5.363450910303994,518.3712428638377,221.8812433880513,6.386492572645384,0.03082621595304853,1.3624833487723294,144.16723298060447,60.04347862089001
7.593631136202854,30.417944691462175,8.900902256318894,18.375189652296733,473.4578077863949,231.3014359351163,5.0934534983231785,0.3444728878784493,0.25217367040023003,71.00181885869182,30.06265666294157
6.903661433868606,24.5382587742112,7.4018300454324875,10.02152604963895,438.1385758512833,232.72306523287932,0.36029306045870013,1.001460527808257,0.05,87.09719690439331,38.67762287397695
7.711607908544703,14.75267428306892,6.901190798890685,4.501174549852997,502.3170467400055,329.9481785726546,2.4930655045106316,3.158708679110544,0.7225698119185715,120.3251920506094,66.5922565130109
8.319643347801547,36.30924157665834,7.513997334743783,12.747665375395998,146.13046977363774,263.6316251435294,0.7645325779269012,1.1237991976584112,2.3945934215463742,195.87165562711454,95.19880873088402
7.334743910925885,19.746923899563818,7.938020371082809,3.167870620701059,531.8483388075158,364.46575270779675,1.6468002949662695,3.9861172403965357,3.1237723051768898,52.665406503334026,50.27729456626438
7.641027033259365,18.595705638693985,8.161388054710102,0.5,465.14134843943606,80.0,0.1,0.9918824695072797,0.7012517945074951,103.4948164117953,36.43524581505719
7.814086395026668,30.60156694404338,8.000088038806208,17.345063956018922,423.30301238660815,242.88333213849808,2.0455022225416126,1.0113382845583567,1.3689851632861223,68.77343144117681,38.31276620737954
7.159267716868499,36.97888582852673,7.161245226259448,11.729797007867592,695.623463486347,218.65514351800547,3.192936900290638,0.1913185088383388,1.0933163684312812,73.83629086269868,44.35856274050318
7.53445548908625,32.22922768329733,6.644790843446813,17.24108335091306,369.00791774513374,296.9293389464757,3.865944756706829,2.434212176047223,1.0570384201018748,68.3936393697963,50.239588813647146
7.4075554404690775,28.53759104023562,6.727708089423679,0.5,401.6308813121963,271.57570173588755,4.356513753077874,0.42546617888769267,0.5262357510423544,56.23035096598245,24.23482574107689
7.458605659129299,28.67639453749379,6.649165095365174,21.776871128314802,688.986396264568,391.805940190619,7.23866692021472,3.448076213401419,0.29322424431623095,88.76125914646016,63.23061945308698
6.9361941296867204,29.840370014511386,9.040786174360717,11.596055530967519,350.1526434180172,152.65969055059483,0.9706457037313495,3.625718706951517,0.4380255848941653,45.76491938855293,27.11204639536007
7.414706104555366,29.415178654040442,8.068402100105551,9.944726232891025,383.9861660476153,324.09423286976767,0.5135241878198608,4.305239136127471,0.11384429161749168,118.40422699535611,68.69913601866024
7.6987989747472705,27.26536140786219,1.7073004576042958,11.757606927026231,432.356949188298,370.2502780890535,7.629682671538246,1.1016742140565174,0.44161940826985796,91.65008808100124,62.012946746558676
8.270686164677025,26.46890496778344,8.18062139775357,23.97949340319864,550.8881378555459,487.0982692905759,0.6813165284354458,1.6955900299321223,0.05,102.67304918704319,53.80763556973234
7.975562495651125,25.71833092445215,7.3505251504937945,10.609847528303337,474.93630088239763,276.64106260158724,14.717313855304065,2.261106578021521,1.9737397250173923,76.01434164161331,57.012305557334635
8.691909474506934,22.607159350099955,6.966324238397385,10.437191291805828,294.8849583417285,349.20127439172654,7.39429030607923,0.2106434643612405,0.7606927064762349,78.98388197364756,39.236996100593586
6.93959146226717,24.736962154099515,6.300666784440006,56.106026529444634,386.13977242473726,157.65234866938715,2.779607724054371,1.3780298807076155,7.234585020164643,98.62691715501984,74.20352682599031
7.923392382032407,18.381694336120766,9.023402895974824,16.963008337436396,377.11746801453467,104.72394161182785,15.9429849588481,0.0523498181592719,0.4306410889059882,55.078481027825234,27.85948565577746
7.510005203443011,25.557471679423625,8.705547631821144,7.007075860015071,440.7334745732345,396.029693820353,0.40980003942579,1.032436735392448,0.8487716739295843,79.26028696759992,40.44035711936019
8.713881759930604,21.55134001782087,5.608820197917503,14.747262451874615,501.1012390355795,319.49957357167364,1.4442568862439487,0.25234874003418745,0.8858391788967345,64.21159458364637,32.14882176560436
6.915021028786909,21.033848072529032,7.732694116824163,5.916427140577303,500.18469070655664,426.06614208185806,4.066924761777945,0.30303277605594836,0.05,63.28293568226957,31.19611167036567
6.896166894691535,26.809523680190654,5.251017877825685,3.1188646944500933,236.87858951419173,196.39373999272257,1.7231739321203905,0.6813077866087924,3.655286765322066,26.704852781230755,28.637817874774125
7.040364412733587,32.26401028855069,4.516687303379925,10.901414801025973,577.6729185073027,366.79119255758775,10.545107705010597,0.8496057244698583,0.06503493746107242,130.1797976844,73.23063471023505
6.125662565414117,30.13242472701041,5.871908995738063,31.60345804939481,480.3082615195948,488.1936056489468,0.2715143480351444,1.4639513334850602,5.63282492596621,69.40383740538694,68.77007411270635
7.084546986991544,18.932747283695704,8.552308250288966,31.764508870386738,616.1438457112688,357.77350475215394,3.188806039145143,0.11601570944244466,4.452625449981751,124.90128165490651,74.40130344350008
6.944520403067782,21.54667338543348,8.715625081676956,5.020876845243156,503.30379927488065,344.8923355031944,3.5748528071992114,1.0508371442380406,1.5336818078849197,122.06376964182877,67.13866698336065
7.490236271885725,30.23347034594697,7.923553756175127,9.001118309844871,582.1587549282915,320.7700472741915,4.230589203401156,0.3024861786841298,1.5687519308085205,51.42000880450519,33.480837761957154
7.605053585466296,21.578806729077606,8.305172416326394,2.85354285825076,505.98543737401525,178.6206688586679,1.1810628807877614,1.2798864897559317,2.1213497372983627,57.34766292981463,23.981812654128912
8.525702503529532,24.98915082501339,7.929120916806925,65.19895430417779,611.5470907443298,442.0015642139313,1.8137908871123105,1.521701551068683,0.9789438638247168,166.81508878067052,96.19482691274621
7.970254302911631,28.475234445610482,5.845333128598686,47.63449574789175,512.6700763221335,265.02281241754406,7.423413916125146,1.2202941276925037,2.0838342368056466,142.5277782578143,83.13088983965193
7.053857806602559,21.64244995311364,7.777460580413093,12.581040598633152,438.2501704268515,365.4034930744715,0.8673676385746307,2.010808971556235,0.09160288594460557,89.05444460015687,42.48926200291816
6.860951197190985,26.474189777656818,8.440737145409829,19.581064844478917,722.6921664536258,179.3269124085872,7.014800347711501,0.6133272225114237,0.11112611446662946,97.72119319252049,43.53425871226841
7.6951515029039035,19.99688527286808,8.357724393664434,15.067411243017455,556.6844546735871,213.84863019429974,3.308135554602632,2.1729351737320863,1.2221407892645297,71.07460791158434,41.932028631773264
6.607860075787615,23.293845602219537,9.140044068654358,10.791970964268218,518.8493305205295,449.1578659300012,5.7450911119887,0.8504779034514796,1.5953374347669613,102.9705814260102,59.70705639537846
8.498875259512612,27.439018703641416,8.274946924961915,0.6578847167036095,296.8434700153997,288.7427939937941,5.001566257680408,0.9930091984909777,4.37525904099726,68.48454297832586,44.38144512609699
8.107664072432772,18.83152819910749,7.6326067735748495,7.278446145485423,295.4030859043755,450.794792843829,0.930309114213664,1.5666214196183037,0.22110490517333967,29.02938707104846,26.860530527514157
7.118494608737177,27.982136320821795,8.92627042896957,13.47927337126958,485.1258578570224,312.9592406847334,3.364851188031549,0.02779348559297099,3.459236820346015,50.35332640466847,27.3032111194248
6.372119282545474,25.911629904829933,6.952261733351692,13.581002101171595,467.4625437321889,154.22920043379284,8.091432901927929,1.5919497044494895,0.47156451187851,90.63278243551761,43.1944261998956
8.212323424499248,28.486204794877164,5.412625627790108,5.604051853756174,376.30529219900205,400.28608397585487,2.2633540938399492,1.4458014729603823,1.0020266725706153,56.06798293492237,34.04737267655321
7.331276092848429,27.007613603290977,6.706479464901225,34.10418893941858,466.9179239534472,266.9096914019953,13.595692306221038,0.5562632040165589,0.7613570042435369,87.98167605259397,56.0415591582338
8.142689787184077,32.1386319348823,5.659175239348391,2.1978040658767015,640.6352313652314,382.88199321653394,2.407490350093754,0.13454949244016112,1.02216889073282,57.760168817014105,37.552184603591286
6.443343404723381,26.56351026191558,5.784679105046113,8.326395978217677,533.4482969460358,322.2689780786074,0.6162690376774776,0.14300876269354573,0.3262040767632895,66.5293823249402,43.666119320929305
7.040374986227737,24.06767506493636,6.739866392712068,14.088463105697684,313.0789788296714,181.11935948514167,1.973479988060308,3.8502898382688446,1.4006258844442026,115.59495919239575,66.26511832342214
7.40314621983091,26.55033876364528,5.57364414220007,14.333649338516622,436.61894074284675,334.7865288833512,12.121494165260026,1.7532913640418208,3.2353695473285193,97.42441642920313,70.52144690263785
7.428188356258846,28.444841130663747,6.445669246649728,12.551291651784863,353.4040222976927,517.6600827937519,1.541008197495227,0.2039059073974856,1.1651231165213618,89.71006736059958,56.61725961406748
7.129960717112454,26.21987031646567,3.5914935994831856,3.8637748675372032,403.47601003097265,364.3687812663013,8.102789073544905,0.6617701763245802,1.349096735107979,116.36891919211953,74.93829780901821
7.7737099594084995,26.18266261041747,7.383928673271289,2.0381707676514873,400.3661201244429,314.8234022295083,8.52296230625174,1.3465089216227826,3.7778749103067555,104.41825780042042,59.495922487421474
6.759427742370444,22.841037404869603,7.002169855652004,12.125249849908675,392.68253008751935,416.78090617612077,1.7242796711368373,2.707921051522659,2.4487464000387087,133.39689873754102,92.94474537091344
7.314572308987224,23.016945871020734,5.529240464077256,10.974570509527691,299.3837553631926,338.96016186827995,0.34771530217295327,0.06696412760300918,1.3484718950704695,76.20422213054579,46.17203562767947
7.47217737902714,19.68827627690138,8.18664220317833,2.3719907237588846,434.6814382178172,338.8580807236515,5.1575114762691925,0.4050248092423917,0.5959918845439888,77.11095064417474,38.13580398513269
7.70866330043525,33.87309534434122,8.687626247727806,14.655020565821864,382.7270835783228,221.75373450568077,1.4930312978584392,3.307493409567855,4.3243727389004905,50.966722008259644,43.79918528770892
7.8269689268533345,20.40261544073922,4.106392244135847,7.287421383453351,100.0,341.0463223210638,6.110023917409394,0.01381171841097733,1.72086266409191,77.1305784788274,53.60019379323841
6.725214744897279,22.881926609918416,5.627095398580814,13.22279352373458,696.3566429401995,413.189907477525,2.338282275824344,0.3373409413198912,0.49986747545906507,118.94309682907337,66.02687136039832
6.479531497558627,22.76716730493861,5.615543770382863,21.795115691073484,580.6523585060006,244.75440631099778,2.6564258351810826,4.792159566107437,0.6270113059012101,128.999621167864,76.40021092046311
8.166606093139105,30.027159696249985,5.308174418004043,2.232029246667614,404.84391300900046,448.2046239122253,6.018679610566509,1.4255542327967832,3.2504547138132325,118.80915504260004,82.69727060950868
7.599388407187756,24.672726447685875,8.493054715477147,0.5,452.2582859688718,311.74645782693864,1.9274196350122048,0.4550493762603967,0.09029927824293278,36.17424400351691,15.69366856960613
6.950908078066068,31.614839327031802,6.651112950208954,18.12068252485087,309.40147832189257,240.10074396153135,2.3416747693787148,0.10401079957895817,9.679808049075348,122.49435637982202,86.11658344286012
8.330691185313514,22.969292190902593,6.5238732856409,11.289996092630876,653.4867453373038,409.786886922822,1.8876407824811665,0.042894519317421595,0.27933275722706197,34.844441301837875,27.137901076542704
7.469404780575715,27.255473730007107,3.3930477440678435,14.433265090536013,677.6746433727734,294.18851878355576,1.831291761622513,0.42104991578496,3.179942500752877,116.94351972367042,75.87460218752628
8.107578310438296,22.24093826033109,8.143752454376607,21.8533924482013,468.80324738958296,388.3563398737497,2.985741026716265,3.1990839894749676,1.00431102531573,78.96646420286834,52.6686876540012
7.4405110888460655,35.65317107498025,4.7693348892637495,19.483107465354422,572.8236773022413,293.7417230967317,6.617729492161388,0.8065596822790226,1.3553989592630087,111.07599941801567,74.620183615772
8.636448754929193,20.655807114367192,7.107878734479391,38.905778538098296,471.03441347207087,314.61564708230867,1.7962156564105296,1.911235483964047,4.251399529243777,50.02654956316302,43.302345966275
8.453204505465923,27.394193196021625,7.499278488324745,9.212769843315158,289.5929473348883,364.42041839008624,2.971490780649944,3.7567771926074043,1.0651583503586428,125.1350289811844,73.08617182366288
7.2506215109125565,28.851995964194444,9.449185472509573,8.044789863931221,400.5811957243611,346.1807351831005,4.443476293733638,0.7864754906039546,1.5421904330989433,46.05075761685333,30.275097400374463
7.982942570572614,27.86209593853174,4.644123281585598,6.167710966493287,465.83135601263484,140.40213975934353,1.2557726309370305,0.3184489160576347,0.10111273704019474,69.94635267440466,29.09412093339869
7.787225569751089,25.166205535050313,1.5648781195225139,2.002449461527654,395.4542737507867,219.08806339150476,1.3002776934897742,1.0919742276106663,0.05,60.05716116692894,39.94747988360108
8.22117893451941,25.415806851199584,7.330929180556651,10.200622310653822,423.7616067077957,403.64689863117337,10.836991293269246,3.580315136795017,0.5615449919715455,37.37145441532503,37.571036926036136
6.821045923651938,26.19715162390599,10.240920126719537,3.892360556311302,439.03205309890626,308.10770699886075,5.142678020039629,2.4473290843034223,2.2825162214445927,92.83582702765405,47.94470700452745
7.811630875999064,25.3384909926718,9.230103435290987,30.506490982812018,440.2945802561446,272.864182750572,3.4432980491707252,0.1021450151891815,0.2585435686939775,144.18267353510885,72.43892479881626
8.035054692109753,30.337456025577094,7.377386947494326,10.501520713337367,456.27101885969796,197.7283386268273,4.173316478104075,1.7692754519769398,0.2415393898828481,170.00715666960025,74.03517534862911
6.344756308146132,35.94735350716108,6.115054865862315,10.782593924792192,322.7273920324079,222.82373108517365,0.11894897823179408,1.2725890178292756,1.058524436342255,92.91467361258744,46.92921704056739
6.690044892400535,23.49128696746475,8.452820673947159,5.260657969988088,363.95806210464764,138.03812240342472,3.850417000256514,3.570222930194723,2.087322504033811,123.50043825202567,70.09533868867285
6.17646069334394,19.835886591894152,5.247616840531956,0.6406745363900263,295.8498881160037,310.884735316862,2.84939236120728,0.19598571973166257,2.490089606355524,96.96283913785612,61.555801113603266
7.238355899333266,25.602730782419354,7.857443984841194,0.5,567.337865962344,266.1406177477058,3.1564274670506007,1.145470716010207,0.3931265992096782,104.96649584304639,45.243763747466915
7.830525353477578,37.60869201944443,7.909846286499929,6.605928243760871,197.32236697916105,233.00708981132163,1.7815489482082874,3.1736939648327023,0.16586808642316286,79.73554046618284,45.16137165028331
8.301414231257617,22.383464444136212,8.908377833497983,1.060275958401082,588.4308411980311,313.86889173488424,0.33993982538110845,0.7915095891097996,5.6400998802695215,95.85230776267807,62.018642108015015
7.444456868251866,33.376025624498304,11.96738807003994,11.202675801756309,616.3619276715413,352.7573567767464,0.859408251685484,0.98665533816641,0.6040120309374603,106.12436113819285,44.257356632903026
8.377169327342775,33.54965366334398,7.706348740921781,25.540859618777397,413.7383295620854,508.38781389889505,12.04295428475841,0.1095992518385912,3.8393652023788114,72.64620813371006,71.27027418543958
6.571939125071066,23.508852912314026,6.083865473726502,25.73824254182177,137.62354946072418,183.93049223931078,2.1017241434923464,0.488893661808403,3.982736064693041,87.67517100321037,48.64069712175889
6.377970536386908,28.56042385633374,6.95396623805441,12.9120717373129,406.64273256392516,424.344293897047,2.5145583083327616,0.5884679474394556,2.9614086999457805,88.24709643007536,63.08948286162067
7.366671380662029,33.32778480407842,3.815663371199587,2.847393969712215,442.2979006453417,407.5791404913565,0.2165991225384565,4.3539763748205225,0.36985054300437326,114.79209951991574,82.9384161331254
7.630439269363585,24.29392516555631,5.749516364039695,23.85301469584945,328.7282136085304,249.88165345609696,0.15316010041413047,0.4983234204992915,3.4497139056706003,58.01903485116958,44.408058765143096
7.380383151143545,25.08388837953937,6.263291611396413,26.06852129592629,388.1737927430109,338.29123591274276,5.051798970437317,0.9266943058502244,2.9328456583685734,88.45373374177045,59.33141779001588
6.159534739976074,23.382435887231104,6.0566408837177335,2.627631084086531,633.6234238636022,278.8130075596146,3.0895812383618386,1.668934884237244,1.816263167404326,147.36016407158093,80.004674927412
7.346527976292327,21.4335947118821,7.2742387696607,16.046671902835687,529.7912594762089,336.7119722376865,2.8428500810108175,0.2654340359011246,0.8225701279942723,124.92180457757813,63.94399368171673
6.6173182996970885,23.07825104720297,5.519644121712039,4.051202892924812,339.052306274628,455.82179120640956,1.1142261770360429,0.9995895892409603,0.609001715276627,130.47537146666116,77.61751011270042
7.801803529298024,20.492268799569846,9.017855201184048,19.4727286730159,258.28809964854815,374.50456093681817,5.462058753073182,2.012205445741417,0.25996502233299174,90.73295520534103,50.4105014413704
7.619958947658109,26.153375607166517,7.0003727168527545,70.70116780922822,410.7579218868275,365.77475359100976,0.7368289139441522,3.0244771785374924,1.425708457803433,99.62992691058069,72.19554669044192
6.836072128203587,22.53512046023611,6.983259421950494,0.5,424.3851864779474,281.2721612040822,0.8425618847170031,1.476289454603171,1.7602111441989925,120.06708500108776,58.88136384194624
7.091679849597984,27.052036603058365,6.409789510276748,27.31901651374838,509.54390248359795,186.43490015680985,2.4700233827332663,1.6586978915565425,0.8905096166170134,136.80766588592792,69.58495243491137
6.764471886866629,18.998469592083676,7.2793432309461625,11.694366653490757,385.76199449188096,301.23786105136327,1.349057428890534,0.20249894291639065,1.2900823776457093,31.4519126135134,15.376116938717313
7.362392541636098,27.488961044965055,8.485176876401743,43.51429034064813,511.3799490434234,428.5947339377524,1.137220356778214,4.371961251578579,0.9035871501970358,50.53676078850463,43.01044149103153
7.973085392300743,29.75088032724016,5.439165611720379,7.506075864160726,682.2184848072275,182.5548929069317,4.1452285397847195,0.21333774408025158,2.0488995267916366,129.28332304207945,70.68297337920406
6.808564372198674,17.02818960842845,5.815390319664538,22.55827285594407,547.8601226933115,225.04195686409744,4.210409603190196,2.2353034795865327,4.630514246115708,81.69331932693589,61.71708774219266
7.702427909310707,27.683254564314076,6.453293148202004,0.7731064083082122,444.22937912030727,331.36409626106615,6.960854018495636,0.4614523629708992,0.3580625802384572,69.84837632225768,49.95996970683216
7.081845428976536,31.524510466129815,4.577432337748213,4.900655406852408,428.02194347360467,231.38106936374638,2.1631368501938706,4.067932455478751,0.9606213210247603,52.375170390131885,44.66185425712408
6.924276300642594,20.556615415889574,5.525335852501303,0.8324136436982957,407.1992238984154,248.67288975963086,0.30357403783651804,1.90923177600071,0.30366680945389424,73.34949895367672,40.22686057562685
7.335781784027265,33.526575740769665,6.142802427619614,44.432398279169625,591.6769094942574,281.8761276444641,1.2789833792200054,2.1025001479712313,1.9613586373466525,47.92892149728525,42.27431920003472
6.778854606548376,27.885585542147204,8.573900525282909,20.377518637088755,374.7223864858437,197.09443362288656,15.649184810335747,0.37088384666177365,2.610317494918016,152.7328281819743,79.82904663584196
7.0678104167916915,22.82744664908716,7.472610392203465,22.970983858405678,455.4267250799979,232.32903384052685,3.6279225745490624,0.8778927194525248,5.373930104866426,89.3269184405828,59.60878035923444
6.681273264446691,25.749039150540323,7.34846184046158,33.360723213515605,456.14374822573023,383.3085125108578,4.947872650338051,1.4427686557602115,0.6538770479844176,88.26148374711848,60.017690813537705
8.578835079749833,28.51247110634775,8.53161633190235,1.0673318362478508,389.78589686261614,202.33671959921324,0.1,2.204341909780977,5.999930675299709,107.64230025503495,64.07995214790488
7.421158131183038,26.342024261355853,6.752730780881086,5.845262144652263,285.30413425390793,176.1915078954646,2.920952345214765,0.16465429147726737,0.13070473766100227,118.87035507799709,48.32726448646107
6.980164695204449,28.42440196600866,7.7028367298720015,0.8842091562820924,488.75694043412017,263.2977518419495,0.15300394928988034,4.919743828571635,1.8477078384369983,118.37664469663918,66.45040909373154
7.528387946440533,21.85696883114285,6.8142008447215066,2.8407211656601525,442.679523377354,385.87599522588613,3.368725865448524,3.3139245360688374,0.11765949573823667,122.20865831722715,67.03054298245955
7.332603170185503,26.762123708162353,7.4776522289193315,3.126497243716895,510.0288563323884,302.27703728027996,10.14164395091486,0.47278257017414704,4.484376293235767,71.0746334762743,52.5636901308154
7.267418240280066,19.63828476392759,5.951034416299152,7.598342186039616,385.96796322729995,278.18770296959434,13.820814949190787,2.5953778557848253,1.509232810453674,81.06399585129417,62.2502634947932
7.768500020026056,25.49948272393085,2.6101291151024277,3.752916580794988,596.4985558575657,323.9922917764046,3.110923920309553,1.095725145529522,2.2133797540199773,113.07094966326827,68.13868813727207
7.854504626028383,21.932415613408445,6.758297508064652,1.2773747038837597,344.7871462545786,162.88633104263133,2.4514688736887265,0.9293056256968955,3.562516709797054,74.1783281508114,40.195302335665495
7.081699311433684,22.69011525834605,9.560946644979893,2.1997362407275407,655.444834082147,364.52350883975294,11.602931786309894,0.5662659883028379,0.32576886900605145,89.84680103918325,45.93157114634229
7.054509055613193,31.562419288446968,8.667187724034866,1.911826030955452,240.2836188206086,354.509152826328,4.478647115539089,1.3047140844459615,0.0787118934251722,101.96291293274443,44.09693699821622
7.234968981709014,30.91089554267421,8.737715472264107,43.377201995990916,502.17240774682693,283.1622373313851,0.26840413230511906,1.9633840936738054,4.221965900618245,113.5555524693113,67.38111429654523
6.018847301158649,28.741121544082297,9.225035299251193,17.090073651618653,507.05168190319483,410.5332060616775,2.5073826900959997,0.7938227825136078,0.7564779346169135,36.66957112889396,22.85346364419162
6.490885362680869,21.084592558973394,7.159583663730587,41.21511373421149,354.53315184709413,218.52535109422652,1.0990371615906143,1.4882163115644365,0.27617817299071096,111.44236949666835,53.59657629252092
8.220124560466715,24.576161976373392,7.355168273330072,6.952262227767017,500.9272725433215,421.5118093928212,2.5380365430459495,1.8025277402469828,1.2639583053937964,82.98827826444824,50.752680921021884
8.38698062810077,31.458939649906327,5.88822658821817,3.9148875933862506,603.5422403712191,333.9044299035726,2.4312964398780554,1.8626252878418212,1.8241297253805104,111.22373132593142,64.82040448596723
7.250578376266174,26.63772611137957,6.431068859151311,19.21128128782164,183.98173927751225,289.7102669109644,3.4904812987644736,0.08004752385231217,0.06292066105251143,113.30795077064487,53.97979782589494
7.74593417783346,36.436982929917626,8.108388069588054,4.73882366460322,510.32937689889775,318.21137281685196,1.7650147309507005,2.946469633443677,0.6428794296750093,138.2374518335747,74.25590046283155
7.586750092726122,27.769930277274675,9.16699198690387,4.269533243905545,150.80750156039068,310.34617107701524,0.7178008894802846,0.9194351358139543,0.06669969938979185,130.6036094286361,63.38900781912334
9.247328485073144,26.864221024205143,6.748996703774201,3.17549528385812,334.12022357721503,429.82546067759455,2.8024554244466486,0.4565631145663732,1.0906111998609715,130.39714987830888,73.71478836065558
8.071744946860747,24.608975911088745,6.189659323267459,1.6667177381630602,645.4999637881134,223.0988785276088,7.0926039678932975,0.4151418981621442,4.509496081330378,133.31010957498717,68.78927661572577
7.32324944511154,26.60093407152027,7.000950325941875,3.5560419810748103,380.1861559929535,251.37326847680617,4.362722050958066,0.9896095536251956,8.108603546466451,98.74136954447837,75.79559413482367
6.8266757356397445,25.313885736287553,8.082172148072406,5.2680098300539795,309.13440427092326,413.2672602865232,1.652182264824422,3.2683166538764943,2.026966909372242,90.9655526111052,59.18347765847436
6.436132207845457,29.186489045098657,4.4010613309596245,13.450081576189326,426.2474725218382,266.40185583345266,10.96578824358862,0.7130612331476098,0.35260985123138233,116.18451249535003,70.72773844725552
7.522078181520334,30.30516042557563,2.8668742843529715,0.7752922627639696,698.1487605796262,401.04797695984325,9.73112005986296,2.077796924299466,4.72571908973951,111.96242854299066,89.65782501871982
6.946189552829418,22.463047427714226,6.00903367091515,2.836370823298098,230.19813033527686,472.9492384707838,0.9395914503378149,0.15274800724944587,1.452365069606867,80.7280128978522,51.26219598761455
6.5466477742413955,20.00945170899,4.802717633354515,19.867267557076786,323.8428106032787,283.838447575253,0.16086198524477355,0.9695577160922882,0.3338792837581529,102.14470226424804,56.9991783820676
7.012056269454485,17.737075821035166,6.08534764423484,1.9068504494931946,629.6918019815552,381.32260939177746,5.408479409293365,7.18474698689815,5.095096680057117,88.94710599646217,81.17115045229806
6.751071197831363,28.285960971106448,6.733995426128551,5.034375533610709,672.9242812245279,216.16769467941273,7.031989772442802,2.2073719116007577,2.833251901727956,64.38201274619831,43.37378516997903
8.41228498104354,21.034850272217568,6.184152863758576,23.999486184440908,437.58825308516595,387.92599682610285,13.751183972851093,0.3545872951391906,2.6313383481697934,128.7138222412905,78.39172794669223
7.928983854169671,16.311992331713828,9.614441562047341,2.019963196220385,301.3136756968029,337.948158738809,8.823154766777318,1.0440514374795238,2.4701063598682547,91.65597727590267,49.61824962538855
7.39521641521003,27.74860372038934,7.588140576284176,1.0363303660684755,701.5012202170991,362.57344539441937,3.6705141874629703,0.3991250467462911,0.44713683585560293,151.4612477309655,75.79952057947122
8.287966483334015,37.21849782844755,7.540853847299491,7.952300202448098,641.3330870099036,261.89851351681443,3.020535802021452,0.7903332416621328,0.47399487884769226,41.23523189400502,25.21473027424821
7.446420984588571,25.97268089807048,8.119972859278123,4.32164851113347,531.4736385314679,170.50249259895446,0.11294384153294446,2.2717645974752,2.3313832598484923,73.29663681469901,36.325603868165956
6.883229479203042,29.773208485032388,4.950100387994615,9.94508391937526,352.5117181275096,365.29268582745544,1.1329356373627348,2.212523225693422,0.4962119477579301,90.97916510072615,60.13340237960003
8.313874446361794,26.368232113464042,8.870401217356484,19.54374789807754,444.1164790994356,134.2937162768491,2.4618918842881112,0.38835114090108996,1.1548986678773745,124.12143292886742,54.41451702280067
7.723346026210796,25.554996560639857,6.863624284236172,1.7701519576166276,430.7567902746203,291.4384556981719,3.960867652342137,3.830870417905068,3.046537181024495,101.98408117806555,71.92696506872285
6.777652307404127,30.13584417344496,8.206865111034183,10.429997298436355,489.7021565538693,404.7063679777973,3.2590165723232483,1.3468225199535053,3.0645141436690744,99.31418262542255,63.33909532261922
7.285796793149835,24.69376455115107,5.07065698052772,8.450710124738315,624.1201725757603,337.27079622857326,5.4290552545961335,0.7168705455695918,1.2075703029661244,56.182086223375585,39.77970084595743
6.874629047969146,27.203265413323564,4.203234221171084,1.8669233617362901,555.5300449364884,495.3508380310832,1.3127216490101747,1.0455387816922599,3.142261562509215,55.29175808311586,54.61246621896584
6.570320161421399,27.44764012788206,8.472201384445052,11.73794529302284,320.71487076182905,412.2598237323596,3.329201223609993,1.3935748782044288,3.648009153726514,99.67513980869714,60.80953736574974
7.955706528518985,22.993592958606282,7.67753714697553,3.8365211348549333,615.1795740023446,261.1491450506981,0.36908507880972746,1.2310976876304973,2.1271221536587115,49.07682018544925,26.37639881482801
8.545649984282079,30.464190572914355,5.3763072021564815,8.029285316339868,487.57585680157865,322.4582041866295,2.1354594934767093,0.999480496570979,0.5186450066360098,74.04366749132015,45.769223615616475
6.560859455708516,25.21268109487066,5.43460645370555,1.0302549829212961,532.44789550307,315.73663677100075,5.54775159986002,1.054592664468312,0.6404429814307296,105.02751987257572,63.16066955466502
7.737781542014343,22.599146782282197,9.025782611946585,7.384994058071899,625.9849031134323,177.60409129884854,4.728856384296829,0.2911271480339291,0.7562091553759345,60.53027183169672,20.84762003897079
7.0096144585269045,28.414294296066817,4.85905859283881,4.391416355456564,316.61037005837386,235.3640975164082,18.68640985673835,2.5128290429683195,0.24841650887401207,138.1606788708542,85.54531857406323
7.107724769741183,21.956894081940334,9.956811315860733,20.737387933733782,445.70093055522443,269.5315183718126,1.302317425707719,1.1705443692681856,0.6380967717986442,126.71809032713671,52.40055687330265
7.0445636454566785,26.126815208161076,5.378882677633836,0.7039972529474038,386.2254538368942,136.7401547429657,2.7581292815788894,0.21075608795360035,0.4702278836185304,42.85740004985099,23.101550103927675
6.881605538192111,25.958964515101083,8.14910546609509,6.507945644340866,261.85686895614526,324.27441214264786,1.5991077485243868,2.1796586450736752,1.2151457539632453,62.02886270454039,37.3367469725641
7.429112976766897,30.8865300462421,6.408486743651828,7.3594269598740425,491.6051973125904,297.5835339812263,2.323584260056556,4.0421971130347645,4.781468005215821,21.426682665151503,38.72135986812791
6.901429930153378,28.136142047959787,8.085737375948218,15.49207532631404,751.3867861901308,169.43954888195833,7.778247869386142,4.414906120976028,0.22070215509735983,66.52225912355601,40.44999610778412
7.562274095467903,25.88737868564685,6.0205947961944535,10.247894634777927,229.19067065930966,356.3791578749599,4.610699658849938,0.6907162783705845,2.5478460102942386,112.99165429717198,68.04701061978987
7.369857134330518,29.679948346401293,6.70697276906987,13.203007699418436,446.12632667406353,384.42854702218636,8.563266285745357,0.21843523850726418,2.3249133298040343,77.5831517317543,51.77452650383039
7.256631171880154,32.255933970577914,7.073654515712298,18.009654526080343,526.8651522089729,340.43310309784,0.9101683846391107,1.095960914586386,0.2013081028314722,103.82391730847903,57.69590951600568
6.855461802775042,28.51014637858338,5.196062579593349,23.783682001894018,464.76938419874176,290.8338642311927,8.265662761482487,0.17920476079503123,5.116824072323614,44.32997045154767,47.6617985208961
7.053937201659001,26.046586789295212,8.333483821756227,4.5203541127879685,436.42463369811117,373.22979365766696,0.24649014352649792,4.076864889789488,1.6808466982251624,113.93925763745716,74.33650261313574
7.8532347354954535,20.09673695442428,6.076215580351146,9.266874419008882,294.0940363865011,381.2198324429022,8.778485968953168,0.3042388411706027,0.9042504764008378,73.3467231621495,51.5332334421374
7.700550312574629,21.206988516160823,6.588520152387966,21.999086186875633,477.9344091528196,347.666321274772,1.5963844101712794,0.4370650537016592,2.825593605588225,90.36509046848715,51.37727903879481
6.81346685312087,24.626488830403996,5.210171125704678,54.62083950342871,359.1883227580888,245.78489746087152,1.510938507321049,0.7829221924040671,0.5951024478285709,87.21376495820842,53.14961064013421
7.459599383257536,23.257195090283226,2.387799414168441,26.434974406485367,187.2093954025736,344.8940688960063,2.870485596929063,0.7247292784421824,2.365139237777371,51.853544373231486,46.87406865868299
7.850832274023074,25.158629136565494,6.656150027319696,5.572405970409345,593.3510664616476,427.5932585742931,11.299922073023653,2.37465333465982,0.08104242862716245,55.407470047806534,41.94736134642028
6.3983568313271775,26.25492466203698,11.342707758903249,2.6054385197821563,565.0062983810451,266.3033847249443,0.1958424464409896,0.9140828887503352,3.657777052204323,119.03383407010278,64.89872057567679
7.726016115427961,28.383617394605288,8.412287718216444,8.065849907279707,456.1993172221296,508.81454052191884,1.7368843567247247,0.28088343194840787,1.189033572170298,101.96976472505087,54.94927889760494
7.002425744632492,25.68275549873409,6.96533131647809,16.24088324716884,477.4889625846843,272.69321594131543,7.767688131824401,0.46634395406832896,2.0250136727774453,121.5014712466028,69.13847700818074
7.742359201155896,28.189257397217908,6.526796507425118,8.140736128021665,578.9181615258674,322.91663120061224,2.01708511817866,1.0673131573763086,0.5000991366102222,99.73974706507555,54.72538373621794
6.94204450607449,26.29013486664554,7.040438607061684,7.920747576089887,476.9207588133699,259.47629635942974,0.8883609130004345,0.23929202322046084,2.2606623887375696,94.2897190442765,45.95580184501804
6.317070739601289,17.11040045140758,7.984814407315378,21.85898770331838,558.4821065713577,340.0943752328235,2.2121094268856383,1.418794348490243,2.958928094692814,38.219681439997004,29.463104759704795
6.423474537270103,21.772990727815603,4.874536932444079,5.381794997477938,414.302135895138,163.20004766282523,1.9481271654670964,1.2511930070245412,1.2819186829543778,81.88899909716491,41.180135566071826
7.42885096799683,25.35160599925273,9.00577905040397,23.57576786765331,607.4380486288736,270.8562381064951,9.880050149633323,1.881333209859383,1.9232401345764005,89.17847038788769,49.38384374681363
7.55583350103289,20.556373657215016,8.28768636779424,6.266781144738016,488.49428711192206,221.70909196862897,5.740835644583721,4.163801908603408,1.218810672693252,148.59321594817723,66.48210354908112
6.857410024937355,28.69967928498292,8.292734306274282,4.774126585042538,473.2862332327049,332.1804513103062,2.813723958454724,3.649973094521748,4.490357061428018,110.60869896296032,77.35442106185104
7.783155475266424,32.88837874554664,7.789256329857509,7.261413909020555,297.59266935455616,409.50026379580163,17.816864171690867,4.380258822615964,1.3777891933095567,136.08183545128585,99.76360523293323
6.403087962638624,31.484428332637926,7.0353099838491815,17.24837218256407,484.43470251620505,378.1405568403096,2.5040296669277677,0.420991361970224,3.6879005518299985,107.92613117684185,70.6189966749294
7.36035212081161,25.039507080814065,8.211150224740276,1.616126682477757,350.16540990066585,106.55065752269968,0.2400100424571437,0.21159433631560412,3.2324423161303155,68.66090319151562,24.599970117251132
6.673390280142526,32.70826761582478,8.06526544073448,2.62413070274669,373.4060728165807,503.78626876350927,1.2167329330370802,0.5398990107958811,1.0569774754922823,93.51372648449554,52.5668901499914
7.008898335318705,26.669003557409503,6.362726720306157,36.30065414926257,352.1549246020655,346.57519465587814,2.291304000882818,3.381909640805057,0.5229489996803647,97.08670938792699,62.001131229517654
7.428439202789849,24.483113129968824,5.967516808785579,2.3156157870116543,322.051808172093,250.11507735562998,0.6826912662209264,5.36619360419576,1.042028478964713,61.82533290687955,42.009625711084745
6.883751980829629,23.23968801406577,7.183341331471576,10.064384176480662,704.9725683620354,334.14151270918467,11.792733523414727,2.9419539987648635,3.499900093680927,78.46837870221236,66.73650989813156
7.169266673462105,24.638886410803423,9.788236272691337,10.390436113178747,609.7606874386083,335.85708402524233,5.824274113546069,0.1748305917501722,0.5165897046667026,83.82699018968484,41.43400522561278
8.003775685528664,24.25320431656447,4.769607263822978,8.071301703774385,680.4441002573113,259.9836154743593,1.2494687692860489,4.418357375185003,1.4865090762982816,138.16859497695356,77.91969881383375
7.053864878286111,26.766873000689696,4.3584545216456085,12.419041646671701,303.2525976533324,337.8125000607868,3.5742492957773075,0.8258005546063388,3.280791890280041,27.577784238270652,39.628718779413084
7.901415267239085,26.72258291472439,7.29656951422573,3.1336770962222147,458.5504499893071,265.32749411417234,5.112618706106446,0.01403085363292244,0.8722944802435189,126.1745526214813,65.2536856170547
6.722175887205429,26.013707090690364,7.091597863340833,9.653296998995383,294.7790849755085,283.60742065789793,11.339826616616763,0.8761532913822615,2.055616084638298,61.89614295121852,51.77511643466109
7.71788250674917,27.966221763858574,7.312014995866734,5.58589241673698,366.5166147363523,258.2348777820424,8.53594063333626,0.070746172595051,0.5637488034635579,48.837624381911574,37.58214945080186
8.26494117239474,31.357908236538535,7.4391157562353,13.004705145293798,339.824761990011,191.05958392343126,2.8960112366485644,1.177492182818326,0.23144906373806018,125.39826390115392,53.19631613637015
6.0,30.272993609485958,6.598235941657351,1.8269595314525486,598.7500807729874,333.12528231938455,5.960448621414239,0.6199904593390878,3.163492044284742,111.95694207703143,82.01617794525762
6.921862846717715,19.317959141975436,9.681754189483748,10.152151910850755,402.4524386277888,372.6769492864704,3.3034676456791265,0.9620705581898403,0.20843039558894402,127.63556107143569,57.28722177568929
7.746243276308324,14.507354892941203,4.118372838742272,2.4587873420483883,578.2055200432819,366.3395236468735,3.218137861228608,1.4246563372667516,0.6332097191395866,114.0210584263673,63.096742443972296
7.278172768374205,30.204439600576734,5.508705355395557,3.9194544732616956,522.4945067506221,393.7932727371711,0.48750441589595866,3.0465611321655004,3.863552911813168,151.79535005212205,98.79291915520055
7.622687524022786,19.849045857130605,6.814141431731715,2.961703484034067,726.4366502525747,349.19061890133815,0.5393296767301904,1.6266273480266862,0.8507314988758468,106.76171510833456,53.451668862287484
7.037608887970508,24.988555691482922,4.042260139922499,2.4230117757554086,272.4666932232331,272.0547051604787,3.0161230713110414,0.853871316860894,7.227198873484936,85.30567871630525,73.3085963197256
7.45195387248374,20.734491382732884,6.683462072022272,20.96448192124219,601.1079887744158,395.569747798807,1.2526097288549312,2.567437317617658,7.797654386165731,100.28779131964028,77.70533557378317
7.306593658764752,17.89108803088991,9.990646298310432,4.037553976688264,587.5729044480873,197.82342141422583,0.1,3.54003750466057,0.6247038265092514,127.3040738503789,54.75015669069293
8.100669236995884,28.436582276921545,7.037595678932731,31.42791502848645,333.19453943675586,238.9395755738768,5.132629799518981,0.19134096492847574,0.08368299109032803,66.6187402421965,38.444935657268644
7.552652505980729,29.41619822136191,7.41526163029363,42.049340837426186,570.8560003767791,233.22199357190797,0.1321040024957705,1.1387156744412472,2.4419889367714163,70.44334252405858,43.278401558843676
7.6025615972451215,23.405703196729764,4.731703422689355,10.162868405742165,490.3373955631475,417.2050453225379,3.618208015558782,0.5021855930233112,1.1992645048696555,80.73119956206278,53.985131064443145
7.15287382032652,14.340309685347906,5.890549465528941,1.8518240445627434,422.7028488055911,404.8509662726068,3.099110808341954,0.07230689013037128,0.21239471800396328,26.86251603704003,21.013528443431447
7.107436265556505,23.54189998286383,6.324646515416913,5.6313729570579785,351.12774156336,363.85747133404954,13.871232587619797,1.6564025090254282,2.458737257907183,94.14235225252641,71.8087728722913
7.140465087308228,27.76311802431146,6.428112825838779,19.177956362607446,363.70686582609767,416.47368786906173,2.648246638339637,2.979153891135436,0.06334237628756041,33.416138881469216,26.739444791592504
7.636671285426979,19.34489794051642,9.306958831006783,5.49482774818402,695.9774514943111,240.8645495829211,0.2628563092107737,0.2667223685413908,4.083469956118172,91.59177938797858,47.275572718877314
7.147409311507842,26.8251196390062,8.003843909305225,1.0924590912504186,450.08193827489794,351.37356078748826,3.2090631543160173,2.5102740703400297,0.29851457862861913,115.9586926840575,60.29442200828574
7.5738649141378485,25.93110567872152,4.999375677513342,9.764401180667495,543.8556001837751,308.7343014455152,7.357824425590302,2.880027580805532,0.2723540727896467,75.69370618068493,53.25494957310564
8.645240479187263,28.606811748204898,7.443708601177609,22.3813218389776,355.09207419989366,396.21938934964226,23.04050255884838,3.6860617117851886,0.3863742629858922,140.31347610560613,95.44772907525756
7.922674822059015,26.53811165786369,7.896799147294213,19.07129403470268,356.41764645340334,309.62981907030223,2.250884634270144,0.4624090969804906,6.4511141139538495,46.184973017445365,37.87389049957022
7.204385880699296,21.621189766032998,9.05226826933828,2.310253974624204,579.838177109993,285.3551400430927,1.5444076181821813,3.5143774540756016,2.362918691362175,125.73782044895498,63.876791464218115
8.120728353298368,31.38457175749021,9.844973235823073,13.4049064012777,288.0508546138161,368.6817666704891,9.485738911187969,0.5799563931000059,3.232638423355376,110.25411169220763,55.535424285744405
7.15515477618707,25.286616921378634,5.172830454709836,2.989296719381494,400.17434785136743,398.855225047211,0.8490228040222799,1.2055752384923395,1.0137833628572155,38.51900255067933,30.42493975066423
6.177125278893288,25.877129572205305,5.540456479821391,2.953991557340932,454.08328932866783,259.84893246378783,3.8225065229866635,0.0777414254038151,0.8198884312148088,171.323828971216,91.10617079768461
6.795148213449558,21.800294184170617,4.73635985395369,24.864517964848293,463.36471222080627,314.50318957828614,2.0815812311158224,0.06730948367149389,0.5344103431841776,88.08764143488102,50.75638043959555
6.277524847384487,24.005229869638203,6.578764253607433,3.4468892819055847,428.50880579806125,224.74034297225126,0.16780037632292127,1.9114492012991042,1.3103469057261032,63.67547933533105,31.997145253370306
7.1890919095752155,22.018387786878947,7.839445074003402,3.666036669197886,497.49837373151075,95.17450842563545,1.706480060040495,0.8817759409615409,1.6051596568068953,47.78738415647949,16.902583637075317
7.411051027513731,25.221742730344598,8.777202129860383,0.5,533.1426906981374,338.0413668272356,1.2327829723320227,0.44416094854769067,1.9981213800191633,83.39945917020978,35.898724713008654
8.40586238736517,33.70268816064055,6.863288157443459,24.544566399464667,538.1565054551196,374.8014820629169,4.634610537607709,0.31684747586868695,0.5944374818532091,86.1777938283012,44.8385742044527
7.596156424258498,19.826444856808898,6.424274458141281,18.876971698375,331.7035429598608,343.5860128178053,11.88732068880803,1.6627825464930286,5.938339636146342,93.07936585618994,77.0720590343344
7.268539682714682,18.738973709554664,7.273164386047733,11.844709343071042,415.9013882485443,144.53944540210696,1.248156922922854,0.01,0.3720773089967923,81.06611531328119,26.036255413453844
7.897643348710094,32.62026647372124,5.4967427770659585,16.64829578783757,593.3715434252325,288.42355129311727,6.673906377047039,2.4590044405348075,6.742491377287457,108.9967593034528,90.6657834450789
6.073318814595269,25.0580434528166,10.761169699050592,1.9791830128395578,557.3576625088647,120.3487015954027,0.22780473064145637,0.12384944382920635,0.05,78.3711050201026,20.45413797885368
7.54136873486514,22.989172676030375,4.106210151187494,7.357037925901146,285.2568658222723,443.27309968887664,3.089809394808941,0.3188426327393307,1.312187211822761,31.951076482785872,33.637621292563374
7.86251911633218,30.679571093282345,7.3325330420123045,5.191927901812113,492.1775880422642,222.25508760937225,0.29264933669914867,0.7322181504004281,0.8110337332449147,85.51915513051077,37.95651836464282
6.512848252532096,23.274730071184113,10.642491194613351,1.181632123130491,212.61297007502276,432.9863248513907,10.874402110183697,0.9949711861741979,1.1924889532829366,18.975670398801654,21.143808293515963
8.086252425924158,34.217043710961214,7.012239720207996,7.989430896495613,455.63218824724436,405.1282679315731,5.815745962063105,0.657746084750324,1.691033596750769,100.61311892674169,63.67240469213421
7.603097844496649,29.050666421026712,6.65792973699731,30.420207356471124,677.7320420095173,238.94686827175445,4.291192376709687,0.5800654965942678,1.1439456988604064,60.620993091520944,37.767221786940986
7.1508272516595195,23.804398663344337,6.356598238941231,0.5,336.2528739277217,218.04935438590294,6.946730865659546,4.982859089660169,1.071763343312391,94.90081064747402,63.894077141802526
7.7796691196637715,35.70788695969476,6.675294972827666,4.134600640846307,349.88123454101014,351.53331947477045,4.171043263810265,1.5390733597936008,2.6389425188496762,129.42224944573812,76.25572139729502
8.762415714682637,23.274282846484976,9.471127254417755,2.791373148996957,541.6835737887432,244.0108366535236,13.88790416643405,0.035567809386525026,2.3159366845912546,61.537539141959996,33.604122789197355
7.5091197530350975,29.339429174041882,3.0186485596068877,3.2640144083633276,264.8638181748425,329.2236177942387,5.006465774132293,0.8436413656344339,3.5827744614649766,121.83768775536353,81.27187727406321
7.548932351780202,27.346816611829215,9.760180662333386,28.6884153886159,374.0693964137953,276.54551682737736,10.342902486595658,3.1192667130804717,0.5752547645332876,76.9983129994154,46.0239348265328
7.124383460275854,31.85783580229459,4.436877125589739,7.5748991910920545,521.5729365098103,159.695742698093,2.912046923858079,0.538136065498661,1.8808006414014076,142.59584406196757,74.69442774945863
6.890093378321126,33.02680038527084,6.520025807378054,7.535043547934887,373.8856982772716,119.2578782787987,0.4980121156933301,0.14899534295319766,1.759892462657729,79.0454216040536,36.266863509272156
7.898201489926548,26.14401867079595,6.227360043462409,17.15421296284638,421.6836015346834,340.40158236451373,3.004611570959235,2.1306131751137913,0.9232387459093168,64.78521043479925,40.83795511833398
6.88634970445468,22.609619583442175,8.059395885587296,2.013814681347582,539.3022852378042,269.4598028302437,0.542696245719782,1.3971592151058045,1.3312879380415201,110.61715351185865,55.74431905690614
7.442939742331636,28.069874643226022,4.123376166609255,8.01596192508575,500.58553002438737,270.2219164777281,3.590793377632635,1.2670456453523333,0.7531202526331019,76.92630811129092,54.25048600937134
7.113405531940931,22.95028083611552,7.831910798947497,6.745115740217869,482.0182075554482,382.6277455184407,2.6349293772965603,0.08259779800455272,0.3059396823564051,64.75651457612975,37.53675081219226
7.687387895447835,35.060242613869804,10.643757321916334,10.90316556049088,409.3053264875954,425.60980489692,3.8975378383999373,0.2271049531342907,0.4810912117742159,75.66480447888627,31.034938190523285
7.600197263172169,26.61440898987232,4.546286791732941,80.0,494.4073338322746,295.4709750774372,0.1,1.461473354625673,0.2230112640964552,88.66180403450996,64.21603420724722
8.02252396655474,24.356053019095512,7.341471101698712,17.607392681673282,435.1520783880292,289.34611637811247,0.8668594967205198,0.3494572342491693,2.2981460185783322,130.26540393734564,64.56318246541356
7.093990160687152,26.83106137639209,5.808432079966104,6.087297286372151,504.93667319109414,365.01287298024954,2.7038266073943267,1.0519809780823912,2.1619026892733317,31.97736763621269,34.285619185320954
7.238075038823977,19.937931697116365,7.7665969711474645,21.091987670742093,390.36815698584263,197.87579872703822,12.023418253167058,1.1807967946930216,6.015867684912928,90.69241976851262,61.54641544764593
6.812741770530616,21.62773682670207,7.034465999348353,2.2462007083340163,428.09172307445505,340.0837749272927,1.9354953680853524,0.5000806005513636,2.6162859363358093,108.7471078396213,61.38709834410143
7.133424043954333,31.401862585749914,5.8453235637202425,0.5,331.20506489375833,369.66973746399384,2.209174822083997,4.4470818537908166,0.10689826202889414,95.80345724975388,64.75954684362534
7.626380295826912,23.043975744628717,7.8781701127679336,2.7446344059713548,445.7990867992517,381.2207187575866,5.016801250010823,2.7721529303590193,4.312561785933277,129.29595508300602,76.18113750320983
7.854193169987211,21.288900577931273,10.247826597616138,4.9936704999877,352.67989636453865,145.69225677477817,3.703271457743207,1.9222179319553323,3.9708121726483214,87.76964010724427,45.76777539679075
6.846700805493425,28.414937386372788,6.656373174890862,8.574429721326725,316.3144259805608,251.47802571719535,1.420568192543854,0.12180510444494846,1.171530573310459,84.46345673442164,48.74063428981489
7.921763552063396,31.335668695983486,8.295564295866727,11.45816917128856,481.0393377426466,240.956307245888,2.116069686437854,0.16829242478113204,1.7631171280628453,107.7698864104003,50.062973709210524
8.213382715282972,29.2352898979928,4.672108675831906,28.976382597503182,475.5287731029192,328.9898258968292,0.9820668926958327,1.018219646817026,7.465941279284367,92.9794144485405,83.23213261565341
7.6480609419342205,30.482214586126172,5.278414521727584,8.556623910716853,543.9448481938286,363.2670121791186,13.528104418056122,0.26280445975224637,1.5198750894735444,78.28773785158587,55.47839575773476
8.52607748753484,22.594422101437427,7.8503313001846795,8.348420758751432,398.2649316509881,454.7039366701383,0.5599660300567307,5.7432791117649264,4.71454361126975,105.48432118759139,83.70606799576042
6.9357264805378565,19.601851999661704,9.671408851364736,0.6185895230828237,498.9663416204107,275.4531067668734,1.8598209963765262,0.2588899662455934,0.173380146993931,70.42415120350064,16.162084771462283
6.65320717801315,32.75600143379969,7.640104027814188,0.5,516.0957086728396,275.21847515217075,0.10471465096664107,1.0025877148029148,0.42404095715143064,71.66468543942018,45.29513132279329
6.332767850657433,24.54794072521039,6.436495545058322,9.613064608037627,503.37285693979135,423.47048169908726,1.0029814622837558,0.6791206120573724,1.1623350361264926,74.16017934703159,53.68846656601261
8.29762658689351,24.871251425952288,6.998724529762037,6.918855561250778,350.92155806374296,346.69192446772746,6.065086268372741,1.52992247024677,1.7577818527564866,130.59207480499222,71.01531900220338
7.792619393812435,31.97687363832076,4.749266078854508,21.92966409485776,467.92361787254265,434.0886360069176,0.8984546870921388,0.20723265638115865,3.3881172281456817,10.0,21.663543026938573
7.366649197453727,28.50303504230297,8.08812758743966,2.101952928054714,493.69683552655937,345.9855202708853,0.3338021084248292,0.8440113138233476,8.889867292664828,101.86796504288827,76.91576066945612
7.567981175791893,28.051494974367234,8.588199512182136,0.5,450.86141602895304,215.85950431580562,2.5732639849566463,0.48176528335277935,0.9848305987637376,91.02815442600667,33.04314067443864
6.724706571620975,35.74251055205488,6.186237400900455,7.153089978292533,199.62268099546984,200.01844806999742,0.1,3.2805605029099425,0.09715320984384136,39.573886222856395,30.181668129600546
8.867451187770095,23.104167963289356,6.153924134032898,3.2534957832464793,469.2587548768176,180.3638975846964,0.3543027097032926,0.06214844628634007,3.2306253028949765,99.29180337408006,50.531759156647695
7.4775327091851365,30.175280576365566,7.4785808133736875,0.6106494474083853,715.5037247276691,379.5846651282626,6.593252827914918,3.6753664770806957,1.8546058840114144,104.27255975494596,65.07446561925417
7.465636876762936,26.25655906203688,6.213904475126928,15.474293665321028,406.79528774916207,426.9737140778307,5.904409691032341,2.6845895530444377,0.44264756337010075,107.689176940722,73.23423453307907
7.835459974339216,27.208665254884657,6.880961293673519,1.4199036913338035,362.63074825736146,486.4425927247743,9.86695415528078,0.5298158202208274,1.3657144350594823,10.445158108651526,26.06015695702858
7.688605539042028,32.878107918856394,10.779499220499728,11.247705870799196,494.8018271653678,395.87947990909163,7.710741146928285,2.335913408195449,2.7119978394299302,130.99168235563315,78.26723318957504
7.534330414567479,28.285260903303307,6.555353738657206,3.959557406534988,487.4853852559886,424.65547197814874,4.59762994311506,0.04756662583172348,2.942935906523041,67.86789885945477,48.65338357620814
6.9257153267328135,28.42233235572335,6.3549877263618,2.2866069956720696,593.1282198499697,267.7985300611684,0.21500781471432473,5.110772641795478,1.3847685912563839,110.59703240259529,63.894039500437934
7.682881014281598,30.82628301789411,5.834424749856714,5.731621340936013,299.05582129093347,215.92257649305287,6.108642222783125,1.121705848191795,0.7283043150242523,112.23221342046858,63.227227168604514
8.52921469788502,24.357712717057016,8.339545548699887,19.40031658218994,537.7656303089991,396.5071399175798,7.470524632682513,0.5420597149608112,7.279613481710974,63.69908743142121,56.33636467260592
8.207252027692986,22.22355649697447,6.673796488207414,5.972811818925065,520.8506473501757,357.59126770154603,6.41943655956129,0.6754973100443371,2.1774978496671413,109.81379857054651,57.17569086213286
8.355911975983638,21.298358626905348,5.831128531021433,16.672532479103477,432.94241556713445,329.6699936906803,2.84100274317586,0.10306939835762705,1.0492998794368806,78.43520277262925,48.483666773261916
7.0932705941412895,17.15139534780799,9.378347258091422,1.6090477786935984,490.6424781506028,354.8634332569691,1.0605620196138117,6.813224637018357,0.658295281944539,27.858684619855282,36.95809617718785
6.806237107844852,35.25293208473145,9.555285408124547,17.781585675826364,573.5348977918029,349.0866934212385,7.465845227002127,0.060127063870733716,2.6268536182506943,125.03225776583338,68.76172209261266
7.324527847940211,21.035562354252427,5.91923758167033,3.2449183928654017,554.6778456034141,435.5435173868205,5.195520137490377,1.5959125348706182,0.5546278705724795,66.7486511095128,54.67005327665676
7.433434947373217,25.004358693864027,3.6402280875508906,13.575849809412675,312.83768255115257,436.54870263352603,15.803299498116507,0.8770740808929189,0.37678386211819437,64.36519611785837,56.68426134872433
8.05651491108257,24.754340150499857,8.81352464170646,10.010490499803142,548.4189824106581,368.97983171063123,0.6769545201204024,4.461432320298698,1.5093384379572576,77.90802395889834,48.240635089497495
6.3845212221711085,27.383330140140952,5.767666313631993,31.76538903154175,442.2373673960978,396.12225853066354,1.0230005761350631,0.42354384983031634,0.6849451045303798,98.16710175982165,57.467008503932746
8.317730191676368,29.670817456426835,8.423126078492984,5.878999343598764,458.7448917618618,366.26562971822983,0.9520042678145165,1.1392087822661254,1.9825951499868153,88.28188767533693,54.24100977686074
7.3051952608526065,29.872130697618854,3.453813128118696,0.821468617227362,458.7836389202033,278.4947241168843,6.291262435463938,0.98770190194026,0.2509873915427347,106.44200774121512,60.15071744607855
7.143871358031548,23.376151526439777,8.606675208938757,0.5,431.9708413442088,388.0908207421826,0.8276405977129387,1.8203603368855419,2.128080330242484,49.815319004140235,36.24462781861787
6.7927373748439,25.247952287961148,4.819890527294594,21.043757422541105,593.0048996528478,194.49544380266644,0.27594218529786246,0.10565016426979724,0.666186183129902,67.72840888707796,34.51231572354639
6.4070859968805385,27.271609777197348,8.315375414319744,8.926608929682729,439.9538448180946,414.8502397066295,25.0,0.3231149181183557,0.05,86.52008783035399,56.55586552917548
7.893902350377149,24.88088993217404,7.025691522105581,17.9128816834221,315.65446459401977,212.49293542105684,0.1005214004589663,0.36227601824573274,0.2714929629305895,146.93661877976118,68.63812856885703
7.443990780313043,33.23305509208997,5.282909045086039,3.205546526928372,402.77641728363255,345.72229581152595,7.213160210341987,2.0099795114795436,5.424579686447554,86.58562384758726,71.6115895180688
6.626023460155368,28.20938728237213,6.267334636731795,5.078974887198273,471.44336601725706,243.9361437416457,1.8188326010145044,0.31448738758603983,4.040152343219403,122.55666790984895,69.44529215839748
6.622952736761831,29.30695003722418,8.235373222522062,0.5,597.5057741156461,369.8050084766984,7.370917615384431,1.2781854019695056,0.5321256748217935,91.15665506352953,56.05982778549885
7.198529180425924,28.982965709003356,7.1906100156074215,39.082772350163175,522.37136219386,316.9467296664882,3.235314126114796,0.36357331321496067,3.0135090952069636,75.49024087687295,57.79313787150694
8.401412915173637,31.280632358683963,8.051943364850471,13.22667021374864,347.93576655035474,176.47196376530007,9.276127592504826,2.966681290835017,1.8759052983457507,82.59826727656679,51.87306440069923
7.244245189181838,26.814597014166683,10.557593052127874,32.47354038481964,748.222790001467,357.8629667916631,10.425206067436376,4.275772323801851,7.07435804681319,84.94740863913357,73.21312563185477
6.498114228129136,20.16425623419869,4.184365098920107,3.7027247064147835,481.77303731735753,267.98713008505604,0.1,1.0962516868604446,0.9355503387248366,108.10937216882216,58.36919434298742
7.252554161548434,27.79859578288689,9.910982634943522,11.344421385142734,603.0468885598818,399.3032048732032,0.31362894577936945,0.6515120541554131,2.288018292099387,131.23833802729663,66.37210666064111
7.236365858151398,23.06889397793677,7.187840687541783,13.617091640175087,431.7942679707325,320.11931198609665,1.1526419718844123,0.3999728045863963,0.13128780486388905,100.79042543058964,49.52858371133023
6.0,23.621224932126093,5.382188713018369,4.584786905577978,514.0031093646539,355.5878886849234,4.426361109794892,0.0765941943625557,1.0091813590360448,125.61233036225266,66.51620896140766
7.3674230800893135,28.63863808439792,4.605435473669818,22.615124014898342,550.7362205422086,233.81879404863093,8.766758766873949,0.46898724403208136,6.6383683146564,61.05630787110943,63.802832482910695
7.261439281874794,31.57227382145136,6.6595832966013395,35.2861738221781,596.1833654105108,266.9600991715374,2.4643145903899906,1.59299727171331,1.5486314995060804,77.56108473557909,50.246794003954875
7.817723818888052,26.095722095312276,8.658970201464026,25.938769169248708,576.884196645387,278.7225227509024,3.7355090521027328,1.1441219200886128,0.6790162899996898,68.27092397377,27.838150700902585
8.509373656967208,27.389748556695338,6.770411583320438,16.121898208616056,554.6636400087573,397.10322322183004,0.8354828425182184,4.324711458310721,0.25628266314172243,99.43333772624558,58.113687242206176
8.075939017728654,33.65996725085857,9.720078874445225,3.899867687959267,412.189592256707,470.963937902494,6.538342608891127,0.7569603454509615,2.431607295024822,79.23124844461759,47.26283265295001
7.238666785667102,27.083389307698557,4.387883757907193,3.969013110824206,381.39047496527263,247.53454234314114,13.684960980915726,1.7755855245374763,2.0704641204774332,111.89318811102586,74.26363665697507
6.736084454754998,37.70757401381178,6.9782398938771015,39.679481820149164,489.9129012389037,416.91633301919126,1.251173257220424,1.008026232115804,0.9366140221653444,62.069948651026756,54.06808853885979
8.944015881949916,28.54479340534195,4.7456918000563855,0.5,561.9753686809283,124.72903240468682,2.7314090351563993,1.07793201168603,6.0294775917777095,91.29092919963844,61.37964860150426
7.435531060408693,18.07656758379882,7.654537388724942,15.107484221091699,423.2735159068072,212.52295390169397,0.360207004650593,0.4674997487359145,0.05,110.60573733036769,42.1034481371324
7.408357575147768,29.390037294970398,8.596397302175141,14.700157799609237,577.8206358857263,233.70993894319025,3.276081320633684,0.910318756014287,0.7240178648825867,28.04091674878169,15.09672129299587
7.385524947733998,27.7152127319725,6.242628771374104,11.69624317939594,624.3140094583415,198.274217950335,2.7949184683911,0.9545407452406127,5.078374773958418,153.64893921990608,86.9111797150965
7.5188508564607135,31.803887393372356,2.312415058071158,55.39337358501565,340.0414897111896,177.4770449191178,0.6239797771421618,1.839545027018874,0.7740781449341289,81.50544345360373,59.37074143681709
7.313383752845635,29.029316080714814,7.3581066642336905,4.485494612229455,349.5695155444464,357.1699020924018,2.3340599405743427,4.236201999617988,0.5813807426447019,29.248802589714813,32.27801309085234
7.055802795871859,25.376948072073017,7.7861293931203175,4.985673771048409,433.15499293135963,300.7339072044925,1.6264910242155886,0.5991975910071938,1.5280854788663294,94.74281695730357,53.151969861154086
7.071884635255765,20.490657936697854,7.727730558931055,0.986753400538966,486.91352018270356,354.14648578445986,2.9511631668644798,0.06467517045061708,3.472290993947943,91.00330403919453,52.85114307896589
7.380348037870402,25.059395342212888,9.224407945279877,7.017932313119994,387.05195834795387,382.1425417509362,3.5242188597854422,1.0286471233369412,0.21772608665753135,87.54316861282521,49.03582100937749
7.0739451373197415,22.17265795605815,5.072103376631712,3.630276299029397,612.2643214640573,343.905529385528,0.1,1.1794120123266505,5.730134808570107,119.7357333878,85.02498193035517
6.972292530393702,23.387644475878748,8.224388989810809,5.047920258872779,500.88802338221416,379.1986858535336,5.725267042502806,0.27667873045816993,3.1702017620242358,112.42334914281167,62.055382975424784
7.463858136615139,28.648602819892744,9.146513522460355,21.590615475042316,454.73364578888874,313.74209423819576,4.99329144756047,2.143581136982233,0.399953608313514,98.93628573071535,60.80765457895886
7.247013669547488,33.51457026958133,3.7985423487882697,32.8901998038118,277.6908571357767,213.17059505248298,1.8246325594303119,6.292485160417728,2.4896448845548864,103.50466901839943,83.80126208208043
8.302395793149614,27.776021884203416,7.575373286654159,2.4656045443740844,292.10210202869916,415.20327627387167,0.21755415283870577,4.371912005165884,0.9721317915308,86.8692465168574,52.40983308457888
6.0,20.61852622084167,6.092476304186191,5.592310099546033,483.7211100338168,266.97990804969857,5.624887034090167,0.32929894062714493,1.0293148383734967,143.26472547720147,80.71434342430398
8.054904111153478,28.000712006990632,6.853259188417037,31.6786265052489,194.08852486141964,235.79633311138167,12.419971358402776,3.1235275368998323,3.0583913026271987,45.624119449267,54.62813171509657
8.147651115498578,31.38484168990543,7.625817670369005,0.765613813562056,571.5164891572886,303.9873911776042,1.0985453361930244,1.8285973610730302,6.58207642691167,94.1895502264769,66.49306238476674
6.155965860555111,23.25597693056278,6.122988584595606,1.1628964394446561,431.02153867532155,237.84701726331383,1.5634368639024494,0.907282986070383,0.27085122327241207,91.95073893566341,44.22482351224666
7.194387443551791,25.39692274997187,5.783725457509099,2.1321783054727774,839.1711563513679,282.4312656209511,0.8124465927924831,1.166786881402492,1.0916287630888235,114.39841218193779,59.86075444686722
7.177135480402526,26.066096876281385,7.061474351478444,10.852726396444455,726.9499500739332,350.964852940712,3.440928410781901,2.841687046371404,1.3114777872735406,64.68438367725302,48.76652017745649
6.555492983169308,22.46795759112992,5.042957310046955,1.956896362272946,428.226111690298,351.3507565321514,0.6729238823843369,0.9812790005804976,0.9442094843326814,37.68982192810392,35.21982106685204
6.933309987445475,28.917261952297366,5.045514768006666,41.33290979704053,437.2395596962422,239.19529402169337,1.7614310107080995,0.7007092879173951,0.9025651300129264,94.7046904829458,58.623581498968385
6.733654492720503,25.455733331264984,8.222871909321706,7.1025742210330645,569.4697816802436,276.106516434613,4.776261698693013,1.019598819751372,0.10736844298925699,98.43691476655812,47.67767558088382
8.451362266054174,27.887895997581627,4.9321707367144185,8.35425262819187,654.3807131901646,416.68997042932193,3.284976738265369,1.2981462239471013,2.3137880205266392,134.68798228342948,87.91636565584596
7.961407035888477,22.00628519989055,8.199362501636582,3.398841461484563,253.436513107678,364.6760105960547,1.9540559874097572,0.314374470153883,1.1461625439330225,51.889138610247414,24.98638825237538
8.162933056996495,24.031437648544653,7.832664327137112,7.6403005532649235,235.63494415743762,506.75585354136877,2.180630464047846,3.4675557681015574,0.4333137771587244,124.64081300150161,76.93459913748335
7.833003238425942,29.25071611022497,3.8935478881769257,13.013446696769225,375.35582333347423,426.2115356367375,3.3031582293171633,1.682147287163343,3.386003231359892,161.02243092081363,102.06190310447812
6.722568937269663,24.322250815587047,5.780383625795821,16.6921683488101,519.9285099808637,422.9863761703945,0.1,1.5046896664575604,3.244648655065939,78.66705337432569,61.61565487299776
7.085287840232136,33.771337330550324,9.14939692548527,16.82265165159926,509.62483086091163,195.09183045897782,0.32705284419636765,0.15720138535576206,1.3325884525785268,51.27173341520328,21.06835686797498
7.693624736736751,24.20163716473429,5.233902043948573,10.349903657256633,578.372574598062,388.74743164700806,8.523211109729155,1.3901706030456227,0.7089280971052238,77.79076900879886,53.35634509015058
6.666723314664833,27.011081265883487,6.164072327843102,28.16594140510088,306.036296596163,315.22038784727806,0.3243152630550251,0.19338844416165968,2.032734497154017,90.42014902114143,53.00101013171879
7.827799058103433,30.196658743428905,7.831709607853414,20.406003445609976,172.06273644373482,270.4116376815575,4.907650297714303,0.12295055921186959,0.6797821284926737,106.91363625020745,57.18991233811607
7.25580476110512,19.61735420180136,8.410102916708672,16.97870229746097,552.9617034362575,335.1213806479276,10.104823237986464,1.1239760868790307,0.5383957397486957,72.25815810485858,38.397424828213005
7.175107515470242,18.07636034608651,6.547230005119908,0.686535846578482,350.61644724417187,405.06903811503355,1.2625905113059455,0.7732184859712059,2.6224825299544556,136.65595602442028,73.06591071891334
7.826575980922096,19.134546584434574,5.924481649555045,0.5,207.78145627336346,365.07484319037906,1.8512632913015274,1.3330508118209141,0.08232168659801814,56.56403054975815,41.23537981071943
7.6665579868916245,31.68162846542232,9.560265751057313,2.8658995311638726,467.4076495151258,240.9373578792146,3.3658594098967254,0.14018442629129632,0.1991290697819499,37.823845434816,15.19862496508494
7.183420300508552,23.51663834348399,10.130019394835642,13.070726975967975,545.1810825862412,386.8213022233358,8.538429327972448,0.8457676181606868,0.05,123.20131272861951,49.640804827481915
8.095597882018549,37.51189678550713,8.761944491407231,6.355973361253271,435.3531441454467,262.6171212131633,11.382743144083344,0.2881700982628026,0.3319750207989092,21.761369063814016,11.12326694284394
6.751362003440062,23.460885806041752,7.153572656617043,6.1781294313617945,395.0581936581013,339.50148070678574,5.381580969284234,6.525801942631388,0.1429705399602393,83.87610693381852,54.03221919228978
7.769561364166559,26.830480864386665,5.545121701046332,25.910847734021218,430.8765321424912,292.69849392705794,0.3624120514336211,1.235397141024797,10.946469339574174,183.53043387624143,122.42651653294115
7.755860754781031,32.93949478655544,5.5052000681981825,27.110037672370744,405.53006851190605,300.3020373437937,4.424410955123303,1.7444231778371941,0.6816312267526575,89.63869341120206,44.233240209377406
7.214272136411606,35.02741799671605,7.940525389478363,28.785883297893278,288.23434656717995,388.96186775364583,2.112590629854265,0.5904936829093688,0.32331627703812593,56.376970479112515,34.558488167405095
7.595679813345271,35.27676609486379,7.753116797599631,4.520399232250593,364.2383187611482,226.3825652165692,2.544807153784742,0.1492978273972318,0.5514971428440084,88.27807608639618,35.065164105801976
6.6493318541688184,31.437648037669142,9.522877467303573,14.095135705805784,512.5535886016578,495.06755668492394,0.20158905890580064,5.586502733433151,5.501672356578116,88.475976341414,78.027980164693
7.954416211524141,30.60828136615158,8.170810166565051,3.8034058297247135,488.60142496518,156.10225376349533,0.8481326997734153,0.5058527656841592,1.468606057541267,94.8194982105935,33.47027643332973
7.289058718134207,28.666371271405325,4.294455456832328,2.537690342534563,470.16717671601845,266.2099085070629,6.252385976629431,0.8269719928064276,0.9076877172093667,109.86788946478859,64.17350063369399
7.086366187688577,29.50262484274987,8.893505711901254,2.449395537827174,330.58218217759446,353.3190700947567,2.4202436349249083,1.5741501073866329,4.133310596954659,58.826664948967824,41.836686325733574
8.029405535502134,23.5196642765216,5.203490870834057,5.024567022927234,428.21962054371994,372.58827497917787,1.4362095949908424,0.037511088384835065,1.0050214786869378,140.6264416571038,78.82129089895504
6.977393785674344,22.318105024599618,6.308851710485767,6.744534835847865,188.75219442685744,310.95718514854656,1.9381571206273884,2.493143973798475,0.8159622511275055,97.35342853117854,62.18906138936831
6.5549232221818645,25.984814941650715,7.45036037125305,21.330670155497078,471.41719966624674,314.8348367298612,7.7075552027269305,1.1536764044740067,0.46457678276248454,111.80382139205412,65.3198489455931
6.4660224958856585,25.234169198637822,10.592201481611136,1.5325154609979563,621.462924937628,356.94950767948546,5.529193700546913,0.489046497686045,0.9489771798360367,71.15551800733073,32.42647317558308
7.763605970807384,23.96047377802726,12.59785340080965,15.932948051846505,273.10414415494733,299.2037470288088,1.2715502501848044,0.09538123673292079,0.7615967654138027,128.591464109866,55.07786184627007
6.63174238850223,29.133743513555217,8.092101506445129,9.097475370552836,379.6886792018694,445.3863132141415,0.4999943016133786,0.2659981849708337,2.262088898568182,82.28842773560805,44.2676355542951
8.452876509190618,30.2988734385673,6.670246086303302,4.0752072553440915,489.4928134452156,395.5414202808442,1.1613996941171938,3.3811761691478197,0.6838054833956815,98.32657540480595,54.06469848814555
6.150842355269767,26.397830988313313,7.96211016726499,8.146661875710322,600.341116131298,398.5541915905071,10.140917083438302,1.7376591635136878,1.7217108504576222,62.00681768438672,47.849947816503594
8.417873820974023,32.64888536474868,8.597779766572906,4.279106278818551,396.21304604398205,233.04589489666247,3.485162753631677,0.4313265648285084,0.1363267848396437,60.092051207936194,32.11111655253041
7.526610480321572,20.862398986399228,6.422798273997055,10.878519373206192,366.92996048809243,312.85504180348676,3.0498193384410577,0.10177722833530743,0.4246277013126166,110.64615919358648,53.442301740870036
7.341972132877765,25.12853243324127,10.23138044064218,6.826625809434869,213.72922291007004,292.95806461513666,3.6292605303279695,1.7597547489775476,1.0464890792303876,76.69179509377842,35.6011847158348
7.07304854791463,22.774299557287378,7.414127366544523,2.1553423946197627,462.41257551697277,229.49587618794808,1.8230036349406706,1.2743777523108197,5.527630766627263,64.38530737486869,40.882755478607756
7.639481668611243,17.60058522317123,7.8959375603645094,1.4874962468268276,695.0491248172493,352.41477655511903,6.582479013207955,0.7775800160819692,0.947226626938181,70.70449973918909,41.66287663491978
7.377419178545091,25.627936913707853,8.19866365369803,9.494299146472851,483.2830154357611,271.6118817998165,2.9633562863308205,0.6779189598550373,2.1817294843269184,110.96859215152264,60.35965759142608
8.061981129209913,25.452136212275224,7.75885589910602,27.924135986970064,447.3265224979544,378.9863446865213,0.4965784731907675,0.3665781234373498,0.588976289064671,71.12886416389168,40.66545120190629
7.468536589197224,32.81052384458959,8.510092900845303,5.058359879034904,488.64987729203824,223.68275933951014,0.5527523004307391,1.6612279610087541,0.2717163686651884,86.47035205193508,36.24517799810715
7.490181056877127,28.8386525804965,5.888944264215539,15.846084265977918,448.6689595261677,474.7136551557639,3.078896207777516,5.293615734468625,0.12063961172518307,90.4508325086129,65.98467636541258
7.181832672671687,21.39115929051858,5.995056842897145,12.89856240566369,352.4382753287844,239.33006072671444,11.03128712527432,0.2898588499940396,0.7288771448188887,32.47953341969103,19.290405813609475
7.36583262576736,34.343416548503846,5.019722380650949,32.18068228768487,548.7935898813246,339.73721034803924,1.4747131968943825,1.3636622079073675,0.34314552950500454,45.86620783879446,37.888480249330414
7.584681061335236,31.494651629864087,7.791102215116408,20.643161161871838,477.09138277341054,391.2673379349261,8.146790288704626,0.8279534208654453,0.38234630894217964,100.08833667742688,53.04459586258912
6.373898964406025,28.61943966560877,8.402085706321806,10.03327588826881,452.11359023203886,268.64236128198985,5.7773143355163175,0.8877518185030913,2.860570311868958,67.88911916541909,38.741699383798796
6.591088746736572,24.980821555175755,7.823991159073394,12.841365022846734,332.95607672661004,396.72217790896553,1.1390783004080305,0.43984068707150037,0.05,121.70174733841256,58.72810192701405
7.845958456413629,21.68252343474434,10.014086380025567,27.4389425975452,606.4209518321711,209.37347619796253,0.1480700808604872,2.6156104804196025,1.6320318187266663,119.00421312751632,53.676500095226345
7.502519262876765,24.32506950768026,6.989927166107716,6.120287034339457,529.7643294399732,450.69059292643044,0.429660567128387,0.9961272303867275,0.9543348742035075,111.57505999066312,59.405406537588206
7.289609998188393,30.899368788668838,8.203734980066523,4.748459430620311,383.64949951592376,321.27343384691824,5.215083187017598,1.1759405428085326,1.4126674843575748,144.59315361937792,76.44490769447933
7.411060359839237,34.48063837670574,5.034938422949234,0.5,570.2189824418325,266.32297328280083,0.8909232362192981,0.5452492233176747,1.654867372259187,87.5073201677045,51.33310454388808
7.6085490232170025,32.94459587722485,6.303220535546078,21.022465184106927,390.29149939377515,293.0736404815309,1.8562193251654586,0.3009882303550674,0.751912695180901,109.46645777711518,56.45102217847296
7.076144191814383,23.800177601961767,8.2519679636184,19.372241712750217,356.1595808986756,392.80273424534477,2.7862052000740976,0.1347400031882536,0.6994237994029671,72.46797070211906,39.65962425768486
6.9330171647586125,20.96172155019945,8.528383799337659,1.3238672325585077,358.83562590236556,267.3990237334606,5.170752251301706,1.878270197422487,2.644025616003339,163.5710973860617,80.31015446645958
7.5175071530586095,26.633988111100418,6.470859494204472,10.320551955826556,237.47177362942907,252.55780795195,0.48068404306910933,0.3276711711016964,4.100184755771805,149.5090095730806,81.58556429090156
6.812976333430981,18.04202285496717,6.87112134665548,7.483043679398863,506.5850856501847,300.06170621746355,2.0859719753896546,1.757139133619366,0.42782664364689615,90.35641303553376,48.471091150812185
7.644951653428683,27.454254713831517,4.267827255974543,1.5164101138716837,230.26261459939798,214.0734098507029,2.6549198379656285,0.7423704554725857,0.20543637610914015,101.59758689715576,46.44098768229306
6.378449837457296,25.33578836165599,6.3573474385481035,47.29014926685002,302.5867402481085,483.8489517147634,3.1133134917355942,0.8062031336106298,4.561565137416504,130.77892798094416,96.87701326694061
8.017493382395386,23.90283574159291,8.602689694335615,2.9002107805943886,200.929438910576,269.0244867906749,6.8229284155712975,0.9499913718221058,0.8612442077311706,85.58581485557679,37.04895580875216
7.683558489447826,18.82383619729942,8.03536902899182,0.8352132782569535,439.6716368650928,394.8455107562363,0.753414187094285,0.6876071547719396,1.602879049271785,70.30127787600885,37.84336115393198
7.553617840588326,28.311200479563723,7.901198298486177,10.84189730551451,431.96154476737536,338.85230752829955,6.597529747896359,0.15907442492102625,0.8911470412022996,116.21969253020647,63.97995758553007
7.989614590367308,23.6028462215214,7.089592636925728,16.112690237988726,410.7964544176363,231.3919354566229,4.722046435178136,0.555795322526694,0.26889753821948875,92.3531773825101,46.91604537562138
8.399284666677547,20.735374239303702,7.012713685530717,0.5,324.89067663953085,319.46407617085436,3.246559199435695,1.6347807573004407,1.7799386244732978,95.4898334893578,52.2640251437521
8.008622039010879,13.074820040232577,5.811421948947795,12.900541264920369,309.33194958760316,390.56025013796733,4.809601104288353,1.643953484504535,1.4894740979250947,64.97185970796104,43.48385281236679
6.295475461201013,25.876182927272136,8.257891156364563,9.118930130259796,505.72438362558887,303.0564798422324,2.1242339992948476,0.5057797826972016,0.45378503781727486,38.46983554909811,24.259493217242436
6.63225381995858,33.97513218501385,7.757751299900901,1.30793879612026,383.93376819498144,427.3801651265925,0.5958454053709118,0.924564309999532,1.2024821019403593,97.08427229637303,58.495683053955936
7.025108853382593,33.475666465465416,7.8856339263870385,2.272500317556699,487.96299858433736,411.93638535036774,4.383646637793259,0.3224789253275158,3.188581464927305,117.148861244826,67.66612513451388
7.4156546301265,23.943066845361777,6.053137283198355,10.071242346652596,343.7701576650933,402.70233691924966,2.9750033285756885,0.35429015062444813,1.7852758711566463,83.22579752771874,48.98616589127888
7.710595412281474,23.290045728371986,3.12398274423176,4.217820307523164,471.72752913252987,278.63089049543026,4.079664354529207,0.03497523755550383,0.20388235224053067,133.092885586766,62.020885192011654
6.964553712107921,28.109484152337608,8.974874881156651,33.42871562380744,606.3933644779277,222.81417969966617,1.6499515268005291,3.4058529491432443,1.5882413210447586,68.88251023753367,43.394514383274306
7.512060058686247,21.507265523652688,6.138092579184873,20.493888964864233,520.3398960471341,264.7771155173485,9.494888646797532,0.35492586988408636,2.4262847619772065,58.3588663510224,41.470400587578276
6.946770240588007,27.358063549187598,5.447003624722383,49.30171605445441,400.51034181402235,337.6616846600048,3.5408146113512933,0.38725068721690525,3.1472093778239696,87.98309078411606,68.78960757938506
7.033089318204832,29.447361252731106,8.248262041445189,3.60792455345261,480.8638764427113,369.120804217912,0.3570847360852014,0.4919259815435948,1.983740380296158,87.52222273946128,49.16787290289528
6.556003341891067,31.521199507479384,6.294377248145567,41.968653973480784,421.1201790563744,124.55857357155972,2.3899227348267127,0.20443090275310888,0.3313021639419903,113.09906194005669,60.6840939283435
6.846060052333458,25.549306655840212,8.907885491283919,6.7714313797570185,450.9456221633674,319.2698118549425,5.648189440680872,1.5294086912704543,2.47694401111819,66.75111527808046,39.54662754754208
6.5889892366302005,25.083468124203655,8.110610709238056,5.123675343344567,410.92667374217956,334.2280302790866,6.322130143684964,0.1171741460829478,2.2623237264114637,131.04282710444693,74.34662361880753
6.814476048213601,22.049078359595477,8.23042478176086,0.6199354225620588,430.27977529375306,295.02101693160034,2.729597010210725,0.21615621958188092,0.05,149.0075088752476,63.38363885710242
8.032185077964703,22.27903840682063,4.541279719839038,0.6505000409407857,475.451202368901,436.2146455114291,9.005574906793388,1.5524286704863925,1.0611985727701283,88.82567919094974,64.99924160419894
6.830360666700835,24.98084498644313,9.18149917369552,14.132304503492447,330.79695605016593,357.96020668257836,1.2460876516848738,0.6225020470969291,0.8097812871761355,127.49131260552956,54.980072214922025
8.979429238902435,27.6531447806728,7.470250956220941,7.348299354525828,328.0945407612026,437.91727172728076,2.1145919934498774,1.8462342254903912,2.2137651725127077,58.3050878812422,42.39060605069959
7.695990740528534,30.111130818049624,6.335301149356834,3.082290816433816,283.3748935402547,300.5635531684791,9.154606882110203,1.222717140678174,0.4870390072523919,122.25664623545748,58.87524296852259
7.510901674216925,22.38569472193845,7.258099241216052,11.422091830289261,257.9674674595548,404.37297432562326,9.063343436169294,0.4436140544550087,1.78745405039469,121.41829225678387,68.92749776764107
6.884985331891272,32.71709856031785,3.802776580783024,3.498002117719376,303.9260769335425,467.15597550747674,4.629791848943064,1.5782857495696536,4.888434688339587,115.90311840569636,93.10738940604969
7.8201859276453956,24.77994379530844,7.735575060665208,10.342532705048773,469.1355008164955,438.0524104345395,7.835429737791534,0.18541178605473346,3.1970194089114448,89.53310733389118,56.56081382709585
7.054617304257336,25.903847175432038,5.1471312852722715,5.340618401027789,342.8654981409739,221.70725659141402,0.37185411598478774,1.153133346603667,5.088236813857433,10.0,21.756287675423472
7.473205888787217,22.637547443834794,4.565193485481638,20.81676417455594,511.63373570773155,297.1691530211857,8.009773151841493,0.8621081242095125,7.679959828241213,70.74818569043612,73.66432852418342
8.936050722961276,15.090918828771763,4.259753464807796,20.624081835079405,454.16564985030743,288.9351765095183,1.5462980955063663,0.46770311829430267,0.05,71.22251946946194,36.949835873392864
7.3423640601652105,29.978204283624724,9.002839074981866,7.78612820090135,213.77949438743354,364.0329081568695,0.7856730602568303,1.3895305325423843,1.9496481147072686,60.65235185818568,34.30417861375275
8.089563995771407,29.31579753691595,5.86732589135298,5.184526547757799,528.5970701066028,381.771819951308,1.094432106237693,3.0757983167922287,1.0649137964176394,93.66729013641199,60.12112851569527
6.978094144924468,24.73402599296804,9.760709877849699,5.403537658475788,547.2958374710051,244.49965933768374,2.1649228910912584,10.0,3.9301480827577677,77.43109663436296,78.27896958835507
7.379006905701823,26.301458227511922,6.035557366505864,19.66112021238143,330.7364790198176,326.10546625252437,1.157090705056818,1.4038326606950096,0.5802092141992129,65.26163970704934,45.356143500277156
8.462480381381306,28.32172647966845,3.9267556763326956,4.773168739555818,500.422985147399,138.20654010594774,1.545990058696476,0.778049500077345,7.929739128389395,58.235995552565406,58.65382378928652
7.02381976532734,18.96854364401056,4.990256008092413,2.814388507296421,347.2202115108961,449.7750505221701,0.5800036030642933,0.382739267138196,1.9023232799501475,68.53461043544314,49.6937883503291
8.487469134798157,23.619262951941675,9.22446091601249,1.061887940744178,461.72044520980023,273.88631833909756,1.4049121671743328,0.4457828532991661,3.155272015161826,123.64497635549785,58.562325332516366
7.824651161273286,29.574191058298222,6.719383279713998,7.543899147730113,298.26019116540414,325.02775458600473,3.3971816857966917,0.9793183460355921,0.17897335492537692,70.16924836117518,28.88333372859658
7.06251993446344,20.355697595738377,6.0130828663169185,7.896421037578158,234.82722569585079,292.1315257410745,2.3325367163282165,0.6865854895536803,0.4053535753844695,74.55183880700183,37.01022694454939
7.779444643433313,27.32101069474983,7.288032806535018,22.059325117351836,404.0619372464438,423.14248175120736,1.7029902207615708,3.67688038715037,2.840974031986365,76.29907154930261,58.23439871177361
7.9835326697760385,19.895381879194677,7.903208925101581,3.000608327865445,435.1525264470197,80.0,5.488810531914957,0.6890002593999077,0.05,100.16980541428259,28.970099482537726
7.773085977330318,28.098934920950867,9.01131786862443,5.755630907168079,402.2784367662475,318.50506919066817,8.958815705289252,0.7012770999750628,3.395205209131518,103.68748465585598,55.36404293651949
6.457865168065727,25.839613329661326,9.607298613807266,19.828504396395026,307.91633301329284,310.4763118252072,5.655307264593011,0.725629408775944,0.05,10.0,1.0
6.963717694505079,18.731906828425206,6.352416437579645,20.82161990581388,402.0121125442636,279.17272511674855,1.613872626081655,2.717516685999917,2.1407427228340783,120.64905641482824,71.16267886839543
7.251488818669097,31.241327095057272,4.61311416505233,5.826009771260518,482.3153703096881,475.3603891072069,5.457226183916196,1.5781155151805537,0.9085563938109158,133.09104102731263,87.74280882835193
7.355339942539972,22.69433790440878,6.255762709978103,7.374783295637022,444.61283638529557,240.1403487029806,0.659405094957222,1.4285331619195154,1.8908977202963462,58.494403879149914,39.94642528837229
7.7724032585304075,22.353864033435286,7.468504911849195,4.336561509007643,471.9001236719056,389.46165595120954,0.55851055079768,0.6100205697413825,2.3816617907544106,60.831052657954956,39.20563148140393
7.506620600559953,26.902561387539244,5.2652339328209,32.35729230477485,369.5861759454921,352.0627509835475,1.696311241245684,2.5548333443064886,0.8385456523799181,76.49239836665186,50.69355557698294
6.5987933847739395,31.16886807242922,5.277128353188923,1.5155205912968033,590.6061497659391,433.5367327281964,6.594843783940665,0.05867870118380237,0.22849409751558505,67.31987941630186,38.704529267988825
7.628118710603578,21.428801814597215,7.6188181867897935,32.5717332569035,308.8591996134263,259.95298237002453,1.131299536145625,3.0695577029178183,0.1443799558969788,96.7178062183982,44.64592365188871
7.766351447170294,26.277559324315874,6.912425767173188,13.81908640680001,508.50723565040624,254.0327990788617,0.26136992153923666,1.0784666024071643,1.778012827470524,31.60424140923407,16.426764986700757
7.735874268758624,27.92967425148758,7.059034591740856,9.100478364399759,591.8269311551953,418.64629167296584,0.564915933764699,0.7618703889295146,1.4706708565171323,56.46217175889781,33.48255564730405
8.048468435332774,29.11897523268415,5.634708397539875,0.5,507.70897112986745,358.27891774970993,7.828753154241918,1.031246595350825,2.7111502056826304,136.17591600524722,81.14152880718333
7.900353292729343,26.793986998747513,6.585278714429619,7.745919181766386,425.6970927522204,180.95563879909173,4.018120010547039,1.6512921114638113,1.4256205160033812,62.153400979559464,30.951549678469874
7.675508047537062,24.34837472412505,5.336380340317052,6.285878835488036,386.6043544004425,271.4625486983057,1.1678377004895732,0.019271407025433614,1.0979059418306172,127.30284834308775,64.83576391954193
7.357900573124812,22.27584400708076,8.602357140024615,2.109664889439249,574.3305181255507,354.7744388463255,3.241383975583342,3.0783450124503435,1.0152853170116485,100.6601458677041,54.93027332423288
6.403423439890405,26.387647473708686,8.863448802502754,12.819660466983649,279.24300896859927,395.398779939193,2.9995442372711474,0.887889550828072,0.05360582574224084,35.72196856235226,22.12148037736697
7.6577709314795515,21.17537444606477,3.676861847971431,42.548120853156455,333.5850887544428,258.86924121263405,4.261901466900666,0.6300304536529486,0.8176129736932666,109.05987585648619,69.89501075579604
7.524612612297867,12.853922824274267,5.326880451653662,9.911610444422681,402.29306814099346,80.0,1.0620521496078197,0.22317739174496043,7.4610833967982,86.4699809342144,52.02683332691508
7.562947302317224,27.964519118709504,4.306247340837857,15.052809318298024,598.5184509014398,367.09008671633296,7.992271732702815,0.8682963930490074,4.135904810230442,76.33598831250778,66.79142230101964
6.633950854507814,30.06770678488788,5.829956918067583,0.8508707920358052,495.57211632490754,210.17113790504217,1.4805958897774931,1.0287294529226798,0.7990994780088305,97.34871279516011,50.68343371053655
6.751366075755043,15.366804040061727,6.84981165437735,6.488553872916182,333.83450897877054,138.43950816898297,4.738402045450811,0.7753829896139921,1.7724709264954317,104.23900456700376,48.97220702146711
8.031891711999743,21.45621182880528,4.390638604542646,1.484445897559946,412.7630753538116,80.0,0.1,1.7028837275300268,3.758517508370036,111.22775465923858,65.2842196245015
7.3762669076860075,28.78619417452339,5.340652336374436,11.385638019699515,376.28122270844466,393.2582774177967,1.8650481821555165,0.8194111658536923,1.1641933794155133,125.34758542644008,75.88620426714894
7.808900418423575,35.25872961370264,5.192876730253303,33.46113643085499,364.8253209319758,331.575570536447,1.7336674843027056,4.882437736285008,0.05,102.24407738335069,66.98679032783905
7.416991025678277,26.093571684539334,7.373081192918099,13.008624040596317,567.4667470268134,299.69092573589734,3.1365298763455853,1.3717292334909963,0.15486490199285968,48.73097733640915,27.00272435461088
7.417853683697447,22.723986764468894,7.124819806665251,0.958952221609478,285.39082448837934,445.01219266664856,0.30206898651432074,2.471316767748876,1.4283033627363837,75.79063627046426,50.79830533324138
